Instance,Terminal,Layer,X location,Y location,Voltage
FILLER_36_214,VPWR,li1,104.1900,111.5200,1.800000
FILLER_36_206,VPWR,li1,100.7400,111.5200,1.800000
FILLER_36_200,VPWR,li1,98.2100,111.5200,1.800000
FILLER_36_197,VPWR,li1,96.8300,111.5200,1.800000
FILLER_36_190,VPWR,li1,93.6100,111.5200,1.800000
FILLER_36_185,VPWR,li1,91.0800,111.5200,1.800000
FILLER_36_182,VPWR,li1,89.9300,111.5200,1.800000
FILLER_36_177,VPWR,li1,87.4000,111.5200,1.800000
FILLER_36_174,VPWR,li1,86.2500,111.5200,1.800000
FILLER_36_169,VPWR,li1,83.7200,111.5200,1.800000
FILLER_36_166,VPWR,li1,82.3400,111.5200,1.800000
FILLER_36_161,VPWR,li1,80.0400,111.5200,1.800000
FILLER_36_158,VPWR,li1,78.8900,111.5200,1.800000
FILLER_36_153,VPWR,li1,76.3600,111.5200,1.799999
FILLER_36_150,VPWR,li1,75.2100,111.5200,1.799999
FILLER_36_144,VPWR,li1,72.4500,111.5200,1.799999
FILLER_36_141,VPWR,li1,71.0700,111.5200,1.799999
FILLER_36_134,VPWR,li1,67.8500,111.5200,1.799999
FILLER_36_129,VPWR,li1,65.3200,111.5200,1.799999
FILLER_36_126,VPWR,li1,64.1700,111.5200,1.799999
FILLER_36_121,VPWR,li1,61.6400,111.5200,1.799999
FILLER_36_118,VPWR,li1,60.4900,111.5200,1.799998
FILLER_36_113,VPWR,li1,57.9600,111.5200,1.799998
FILLER_36_110,VPWR,li1,56.5800,111.5200,1.799998
FILLER_36_105,VPWR,li1,54.2800,111.5200,1.799998
FILLER_36_98,VPWR,li1,50.8300,111.5200,1.799998
FILLER_36_51,VPWR,li1,29.4400,111.5200,1.799996
FILLER_36_27,VPWR,li1,18.1700,111.5200,1.799998
FILLER_35_210,VPWR,li1,102.5800,106.0800,1.799996
FILLER_35_207,VPWR,li1,101.4300,106.0800,1.799996
FILLER_35_204,VPWR,li1,100.0500,106.0800,1.799995
FILLER_35_201,VPWR,li1,98.6700,106.0800,1.799995
FILLER_35_198,VPWR,li1,97.2900,106.0800,1.799994
FILLER_35_195,VPWR,li1,95.9100,106.0800,1.799993
FILLER_35_192,VPWR,li1,94.5300,106.0800,1.799992
FILLER_35_189,VPWR,li1,93.1500,106.0800,1.799992
FILLER_35_186,VPWR,li1,91.7700,106.0800,1.799991
FILLER_35_183,VPWR,li1,90.3900,106.0800,1.799990
FILLER_35_180,VPWR,li1,89.0100,106.0800,1.799990
FILLER_35_177,VPWR,li1,87.6300,106.0800,1.799988
FILLER_35_162,VPWR,li1,80.2700,106.0800,1.799988
FILLER_35_156,VPWR,li1,77.5100,106.0800,1.799988
FILLER_35_133,VPWR,li1,67.1600,106.0800,1.799987
FILLER_35_130,VPWR,li1,66.0100,106.0800,1.799987
FILLER_35_127,VPWR,li1,64.6300,106.0800,1.799985
FILLER_35_124,VPWR,li1,63.2500,106.0800,1.799985
FILLER_35_121,VPWR,li1,61.8700,106.0800,1.799984
FILLER_35_116,VPWR,li1,59.3400,106.0800,1.799984
FILLER_35_113,VPWR,li1,58.1900,106.0800,1.799984
FILLER_35_109,VPWR,li1,56.3500,106.0800,1.799984
FILLER_35_101,VPWR,li1,52.6700,106.0800,1.799984
FILLER_35_42,VPWR,li1,25.0700,106.0800,1.799981
FILLER_35_34,VPWR,li1,21.3900,106.0800,1.799982
FILLER_34_209,VPWR,li1,102.3500,106.0800,1.799996
FILLER_34_206,VPWR,li1,100.9700,106.0800,1.799996
FILLER_34_203,VPWR,li1,99.5900,106.0800,1.799995
FILLER_34_200,VPWR,li1,98.2100,106.0800,1.799994
FILLER_34_197,VPWR,li1,96.8300,106.0800,1.799994
FILLER_34_193,VPWR,li1,94.9900,106.0800,1.799993
FILLER_34_190,VPWR,li1,93.6100,106.0800,1.799992
FILLER_34_186,VPWR,li1,91.3100,106.0800,1.799991
FILLER_34_183,VPWR,li1,90.3900,106.0800,1.799990
FILLER_34_149,VPWR,li1,74.5200,106.0800,1.799988
FILLER_34_133,VPWR,li1,67.1600,106.0800,1.799987
FILLER_34_130,VPWR,li1,66.0100,106.0800,1.799987
FILLER_34_94,VPWR,li1,49.2200,106.0800,1.799984
FILLER_34_85,VPWR,li1,44.8500,106.0800,1.799985
FILLER_34_82,VPWR,li1,43.7000,106.0800,1.799985
FILLER_34_52,VPWR,li1,29.9000,106.0800,1.799982
FILLER_34_24,VPWR,li1,16.7900,106.0800,1.799983
FILLER_34_3,VPWR,li1,7.1300,106.0800,1.799988
FILLER_33_211,VPWR,li1,102.8100,100.6400,1.799996
FILLER_33_208,VPWR,li1,101.8900,100.6400,1.799996
FILLER_33_205,VPWR,li1,100.5100,100.6400,1.799996
FILLER_33_202,VPWR,li1,99.1300,100.6400,1.799994
FILLER_33_199,VPWR,li1,97.7500,100.6400,1.799994
FILLER_33_196,VPWR,li1,96.3700,100.6400,1.799993
FILLER_33_167,VPWR,li1,82.5700,100.6400,1.799991
FILLER_33_158,VPWR,li1,78.4300,100.6400,1.799991
FILLER_33_155,VPWR,li1,77.5100,100.6400,1.799991
FILLER_33_127,VPWR,li1,64.4000,100.6400,1.799989
FILLER_33_124,VPWR,li1,63.2500,100.6400,1.799988
FILLER_33_57,VPWR,li1,32.2000,100.6400,1.799990
FILLER_33_54,VPWR,li1,30.8200,100.6400,1.799990
FILLER_32_206,VPWR,li1,100.9700,100.6400,1.799996
FILLER_32_197,VPWR,li1,96.3700,100.6400,1.799993
FILLER_32_192,VPWR,li1,94.0700,100.6400,1.799991
FILLER_32_185,VPWR,li1,91.0800,100.6400,1.799990
FILLER_32_182,VPWR,li1,89.9300,100.6400,1.799991
FILLER_32_179,VPWR,li1,88.5500,100.6400,1.799991
FILLER_32_176,VPWR,li1,87.1700,100.6400,1.799991
FILLER_32_173,VPWR,li1,85.7900,100.6400,1.799991
FILLER_32_160,VPWR,li1,79.5800,100.6400,1.799991
FILLER_32_157,VPWR,li1,78.4300,100.6400,1.799991
FILLER_32_154,VPWR,li1,77.0500,100.6400,1.799991
FILLER_32_151,VPWR,li1,75.6700,100.6400,1.799991
FILLER_32_148,VPWR,li1,74.2900,100.6400,1.799991
FILLER_32_131,VPWR,li1,66.4700,100.6400,1.799990
FILLER_32_128,VPWR,li1,65.0900,100.6400,1.799989
FILLER_32_97,VPWR,li1,50.8300,100.6400,1.799989
FILLER_32_88,VPWR,li1,46.2300,100.6400,1.799990
FILLER_32_41,VPWR,li1,24.6100,100.6400,1.799990
FILLER_32_27,VPWR,li1,18.1700,100.6400,1.799993
FILLER_31_207,VPWR,li1,101.2000,95.2000,1.799992
FILLER_31_172,VPWR,li1,85.3300,95.2000,1.799992
FILLER_31_169,VPWR,li1,83.9500,95.2000,1.799992
FILLER_31_165,VPWR,li1,82.1100,95.2000,1.799993
FILLER_31_162,VPWR,li1,80.7300,95.2000,1.799993
FILLER_31_159,VPWR,li1,79.3500,95.2000,1.799993
FILLER_31_156,VPWR,li1,77.9700,95.2000,1.799994
FILLER_31_153,VPWR,li1,76.5900,95.2000,1.799994
FILLER_31_137,VPWR,li1,68.7700,95.2000,1.799994
FILLER_31_134,VPWR,li1,67.8500,95.2000,1.799994
FILLER_31_131,VPWR,li1,66.4700,95.2000,1.799993
FILLER_31_102,VPWR,li1,52.9000,95.2000,1.799993
FILLER_31_99,VPWR,li1,51.7500,95.2000,1.799993
FILLER_31_81,VPWR,li1,43.0100,95.2000,1.799995
FILLER_31_67,VPWR,li1,36.5700,95.2000,1.799993
FILLER_31_24,VPWR,li1,16.7900,95.2000,1.799991
FILLER_31_3,VPWR,li1,7.1300,95.2000,1.799993
FILLER_30_180,VPWR,li1,88.7800,95.2000,1.799991
FILLER_30_156,VPWR,li1,77.7400,95.2000,1.799994
FILLER_30_153,VPWR,li1,76.5900,95.2000,1.799994
FILLER_30_144,VPWR,li1,71.9900,95.2000,1.799994
FILLER_30_141,VPWR,li1,71.0700,95.2000,1.799995
FILLER_30_134,VPWR,li1,67.3900,95.2000,1.799994
FILLER_30_112,VPWR,li1,57.2700,95.2000,1.799993
FILLER_30_103,VPWR,li1,53.1300,95.2000,1.799993
FILLER_30_100,VPWR,li1,52.2100,95.2000,1.799993
FILLER_30_81,VPWR,li1,43.4700,95.2000,1.799995
FILLER_30_65,VPWR,li1,35.8800,95.2000,1.799993
FILLER_30_29,VPWR,li1,19.0900,95.2000,1.799990
FILLER_30_3,VPWR,li1,7.3600,95.2000,1.799993
FILLER_29_216,VPWR,li1,105.3400,89.7600,1.799999
FILLER_29_204,VPWR,li1,99.5900,89.7600,1.799999
FILLER_29_176,VPWR,li1,86.9400,89.7600,1.799997
FILLER_29_156,VPWR,li1,77.7400,89.7600,1.799996
FILLER_29_153,VPWR,li1,76.5900,89.7600,1.799996
FILLER_29_109,VPWR,li1,56.3500,89.7600,1.799994
FILLER_29_106,VPWR,li1,54.9700,89.7600,1.799994
FILLER_29_87,VPWR,li1,46.0000,89.7600,1.799992
FILLER_29_84,VPWR,li1,44.8500,89.7600,1.799992
FILLER_29_57,VPWR,li1,31.9700,89.7600,1.799986
FILLER_29_52,VPWR,li1,29.6700,89.7600,1.799985
FILLER_29_34,VPWR,li1,21.3900,89.7600,1.799983
FILLER_29_23,VPWR,li1,16.7900,89.7600,1.799985
FILLER_29_14,VPWR,li1,12.1900,89.7600,1.799990
FILLER_29_11,VPWR,li1,11.2700,89.7600,1.799990
FILLER_28_208,VPWR,li1,101.4300,89.7600,1.799999
FILLER_28_203,VPWR,li1,99.3600,89.7600,1.799999
FILLER_28_195,VPWR,li1,95.4500,89.7600,1.799998
FILLER_28_192,VPWR,li1,94.5300,89.7600,1.799998
FILLER_28_176,VPWR,li1,87.1700,89.7600,1.799997
FILLER_28_154,VPWR,li1,77.0500,89.7600,1.799996
FILLER_28_151,VPWR,li1,75.6700,89.7600,1.799996
FILLER_28_131,VPWR,li1,66.2400,89.7600,1.799995
FILLER_28_128,VPWR,li1,65.0900,89.7600,1.799995
FILLER_28_125,VPWR,li1,63.7100,89.7600,1.799995
FILLER_28_99,VPWR,li1,51.2900,89.7600,1.799993
FILLER_28_96,VPWR,li1,50.3700,89.7600,1.799993
FILLER_28_88,VPWR,li1,46.4600,89.7600,1.799992
FILLER_28_85,VPWR,li1,45.3100,89.7600,1.799992
FILLER_28_49,VPWR,li1,28.2900,89.7600,1.799985
FILLER_28_3,VPWR,li1,7.3600,89.7600,1.799990
FILLER_27_194,VPWR,li1,95.4500,84.3200,1.799964
FILLER_27_179,VPWR,li1,88.3200,84.3200,1.799953
FILLER_27_172,VPWR,li1,84.8700,84.3200,1.799953
FILLER_27_169,VPWR,li1,83.9500,84.3200,1.799954
FILLER_27_158,VPWR,li1,78.8900,84.3200,1.799957
FILLER_27_155,VPWR,li1,77.5100,84.3200,1.799958
FILLER_27_152,VPWR,li1,76.1300,84.3200,1.799960
FILLER_27_149,VPWR,li1,74.7500,84.3200,1.799960
FILLER_27_142,VPWR,li1,71.0700,84.3200,1.799963
FILLER_27_139,VPWR,li1,70.1500,84.3200,1.799963
FILLER_27_126,VPWR,li1,63.7100,84.3200,1.799951
FILLER_27_113,VPWR,li1,57.9600,84.3200,1.799950
FILLER_27_90,VPWR,li1,47.1500,84.3200,1.799952
FILLER_27_57,VPWR,li1,31.9700,84.3200,1.799952
FILLER_27_43,VPWR,li1,25.7600,84.3200,1.799949
FILLER_27_30,VPWR,li1,19.7800,84.3200,1.799957
FILLER_27_11,VPWR,li1,11.0400,84.3200,1.799978
FILLER_26_206,VPWR,li1,100.9700,84.3200,1.799976
FILLER_26_203,VPWR,li1,99.5900,84.3200,1.799971
FILLER_26_200,VPWR,li1,98.2100,84.3200,1.799971
FILLER_26_197,VPWR,li1,96.8300,84.3200,1.799964
FILLER_26_195,VPWR,li1,95.4500,84.3200,1.799964
FILLER_26_190,VPWR,li1,93.3800,84.3200,1.799960
FILLER_26_172,VPWR,li1,84.8700,84.3200,1.799953
FILLER_26_110,VPWR,li1,56.3500,84.3200,1.799950
FILLER_26_97,VPWR,li1,50.6000,84.3200,1.799950
FILLER_26_85,VPWR,li1,44.8500,84.3200,1.799953
FILLER_26_65,VPWR,li1,35.8800,84.3200,1.799955
FILLER_26_42,VPWR,li1,25.3000,84.3200,1.799949
FILLER_26_19,VPWR,li1,14.4900,84.3200,1.799967
FILLER_25_209,VPWR,li1,102.3500,78.8800,1.799980
FILLER_25_206,VPWR,li1,100.9700,78.8800,1.799980
FILLER_25_203,VPWR,li1,99.5900,78.8800,1.799974
FILLER_25_180,VPWR,li1,88.7800,78.8800,1.799963
FILLER_25_169,VPWR,li1,83.9500,78.8800,1.799966
FILLER_25_158,VPWR,li1,78.6600,78.8800,1.799968
FILLER_25_135,VPWR,li1,68.0800,78.8800,1.799977
FILLER_25_113,VPWR,li1,57.7300,78.8800,1.799972
FILLER_25_85,VPWR,li1,45.0800,78.8800,1.799970
FILLER_25_49,VPWR,li1,28.2900,78.8800,1.799944
FILLER_25_11,VPWR,li1,11.0400,78.8800,1.799970
FILLER_24_209,VPWR,li1,102.3500,78.8800,1.799980
FILLER_24_206,VPWR,li1,100.9700,78.8800,1.799980
FILLER_24_203,VPWR,li1,99.5900,78.8800,1.799974
FILLER_24_200,VPWR,li1,98.2100,78.8800,1.799974
FILLER_24_195,VPWR,li1,95.4500,78.8800,1.799968
FILLER_24_141,VPWR,li1,70.6100,78.8800,1.799979
FILLER_24_139,VPWR,li1,69.6900,78.8800,1.799977
FILLER_24_108,VPWR,li1,55.6600,78.8800,1.799971
FILLER_24_85,VPWR,li1,45.0800,78.8800,1.799970
FILLER_24_82,VPWR,li1,43.7000,78.8800,1.799971
FILLER_24_49,VPWR,li1,28.2900,78.8800,1.799944
FILLER_24_39,VPWR,li1,23.9200,78.8800,1.799946
FILLER_24_36,VPWR,li1,22.7700,78.8800,1.799946
FILLER_24_27,VPWR,li1,18.1700,78.8800,1.799951
FILLER_24_3,VPWR,li1,7.3600,78.8800,1.799970
FILLER_23_210,VPWR,li1,102.5800,73.4400,1.799986
FILLER_23_207,VPWR,li1,101.4300,73.4400,1.799986
FILLER_23_204,VPWR,li1,100.0500,73.4400,1.799986
FILLER_23_167,VPWR,li1,82.5700,73.4400,1.799974
FILLER_23_152,VPWR,li1,75.6700,73.4400,1.799975
FILLER_23_137,VPWR,li1,68.7700,73.4400,1.799971
FILLER_23_109,VPWR,li1,56.3500,73.4400,1.799970
FILLER_23_83,VPWR,li1,44.1600,73.4400,1.799980
FILLER_23_28,VPWR,li1,18.6300,73.4400,1.799986
FILLER_23_25,VPWR,li1,17.7100,73.4400,1.799986
FILLER_22_137,VPWR,li1,69.2300,73.4400,1.799971
FILLER_22_123,VPWR,li1,62.7900,73.4400,1.799967
FILLER_22_109,VPWR,li1,56.3500,73.4400,1.799970
FILLER_22_53,VPWR,li1,30.5900,73.4400,1.799982
FILLER_22_27,VPWR,li1,18.1700,73.4400,1.799986
FILLER_22_24,VPWR,li1,17.2500,73.4400,1.799986
FILLER_22_6,VPWR,li1,8.5100,73.4400,1.799991
FILLER_22_3,VPWR,li1,7.5900,73.4400,1.799991
FILLER_21_216,VPWR,li1,105.3400,68.0000,1.799992
FILLER_21_201,VPWR,li1,98.2100,68.0000,1.799990
FILLER_21_198,VPWR,li1,97.2900,68.0000,1.799988
FILLER_21_195,VPWR,li1,95.9100,68.0000,1.799988
FILLER_21_166,VPWR,li1,82.3400,68.0000,1.799979
FILLER_21_140,VPWR,li1,70.3800,68.0000,1.799986
FILLER_21_137,VPWR,li1,69.2300,68.0000,1.799986
FILLER_21_134,VPWR,li1,67.8500,68.0000,1.799983
FILLER_21_131,VPWR,li1,66.4700,68.0000,1.799983
FILLER_21_125,VPWR,li1,63.7100,68.0000,1.799981
FILLER_21_122,VPWR,li1,62.3300,68.0000,1.799980
FILLER_21_119,VPWR,li1,60.9500,68.0000,1.799980
FILLER_21_116,VPWR,li1,59.5700,68.0000,1.799980
FILLER_21_103,VPWR,li1,53.1300,68.0000,1.799980
FILLER_21_82,VPWR,li1,43.7000,68.0000,1.799986
FILLER_21_79,VPWR,li1,42.5500,68.0000,1.799986
FILLER_21_74,VPWR,li1,40.0200,68.0000,1.799987
FILLER_21_70,VPWR,li1,37.9500,68.0000,1.799986
FILLER_21_16,VPWR,li1,13.3400,68.0000,1.799989
FILLER_21_6,VPWR,li1,8.7400,68.0000,1.799991
FILLER_21_3,VPWR,li1,7.5900,68.0000,1.799991
FILLER_20_206,VPWR,li1,100.9700,68.0000,1.799992
FILLER_20_203,VPWR,li1,99.5900,68.0000,1.799990
FILLER_20_200,VPWR,li1,98.2100,68.0000,1.799990
FILLER_20_197,VPWR,li1,96.8300,68.0000,1.799988
FILLER_20_147,VPWR,li1,73.3700,68.0000,1.799982
FILLER_20_144,VPWR,li1,72.4500,68.0000,1.799984
FILLER_20_138,VPWR,li1,69.4600,68.0000,1.799986
FILLER_20_83,VPWR,li1,43.9300,68.0000,1.799986
FILLER_20_80,VPWR,li1,43.0100,68.0000,1.799986
FILLER_20_75,VPWR,li1,40.4800,68.0000,1.799987
FILLER_20_72,VPWR,li1,39.3300,68.0000,1.799986
FILLER_20_69,VPWR,li1,37.9500,68.0000,1.799986
FILLER_20_25,VPWR,li1,17.7100,68.0000,1.799984
FILLER_20_14,VPWR,li1,12.6500,68.0000,1.799989
FILLER_20_11,VPWR,li1,11.2700,68.0000,1.799991
FILLER_19_203,VPWR,li1,99.5900,62.5600,1.799984
FILLER_19_184,VPWR,li1,90.6200,62.5600,1.799973
FILLER_19_181,VPWR,li1,89.4700,62.5600,1.799971
FILLER_19_175,VPWR,li1,86.7100,62.5600,1.799968
FILLER_19_172,VPWR,li1,85.3300,62.5600,1.799968
FILLER_19_166,VPWR,li1,82.3400,62.5600,1.799963
FILLER_19_157,VPWR,li1,78.4300,62.5600,1.799962
FILLER_19_154,VPWR,li1,77.0500,62.5600,1.799961
FILLER_19_151,VPWR,li1,75.6700,62.5600,1.799961
FILLER_19_129,VPWR,li1,65.0900,62.5600,1.799931
FILLER_19_126,VPWR,li1,64.1700,62.5600,1.799931
FILLER_19_113,VPWR,li1,57.7300,62.5600,1.799926
FILLER_19_89,VPWR,li1,46.9200,62.5600,1.799956
FILLER_19_65,VPWR,li1,36.1100,62.5600,1.799977
FILLER_19_45,VPWR,li1,26.9100,62.5600,1.799982
FILLER_19_42,VPWR,li1,25.5300,62.5600,1.799983
FILLER_19_39,VPWR,li1,24.1500,62.5600,1.799984
FILLER_19_28,VPWR,li1,19.0900,62.5600,1.799986
FILLER_19_19,VPWR,li1,14.7200,62.5600,1.799988
FILLER_18_193,VPWR,li1,94.9900,62.5600,1.799977
FILLER_18_155,VPWR,li1,77.0500,62.5600,1.799961
FILLER_18_152,VPWR,li1,76.1300,62.5600,1.799961
FILLER_18_149,VPWR,li1,74.7500,62.5600,1.799960
FILLER_18_146,VPWR,li1,73.3700,62.5600,1.799960
FILLER_18_138,VPWR,li1,69.4600,62.5600,1.799958
FILLER_18_102,VPWR,li1,52.6700,62.5600,1.799940
FILLER_18_99,VPWR,li1,51.7500,62.5600,1.799940
FILLER_18_76,VPWR,li1,40.7100,62.5600,1.799974
FILLER_18_73,VPWR,li1,39.7900,62.5600,1.799975
FILLER_18_70,VPWR,li1,38.4100,62.5600,1.799975
FILLER_18_67,VPWR,li1,37.0300,62.5600,1.799977
FILLER_18_46,VPWR,li1,27.1400,62.5600,1.799982
FILLER_18_36,VPWR,li1,22.5400,62.5600,1.799984
FILLER_18_3,VPWR,li1,7.1300,62.5600,1.799991
FILLER_17_207,VPWR,li1,101.2000,57.1200,1.799993
FILLER_17_169,VPWR,li1,83.4900,57.1200,1.799984
FILLER_17_129,VPWR,li1,65.0900,57.1200,1.799987
FILLER_17_113,VPWR,li1,57.7300,57.1200,1.799988
FILLER_17_98,VPWR,li1,50.8300,57.1200,1.799989
FILLER_17_95,VPWR,li1,49.9100,57.1200,1.799989
FILLER_17_80,VPWR,li1,42.7800,57.1200,1.799990
FILLER_17_77,VPWR,li1,41.6300,57.1200,1.799990
FILLER_17_74,VPWR,li1,40.2500,57.1200,1.799990
FILLER_17_25,VPWR,li1,17.2500,57.1200,1.799985
FILLER_16_207,VPWR,li1,101.2000,57.1200,1.799993
FILLER_16_204,VPWR,li1,100.0500,57.1200,1.799993
FILLER_16_179,VPWR,li1,88.0900,57.1200,1.799985
FILLER_16_167,VPWR,li1,82.8000,57.1200,1.799984
FILLER_16_144,VPWR,li1,72.2200,57.1200,1.799989
FILLER_16_141,VPWR,li1,71.0700,57.1200,1.799989
FILLER_16_109,VPWR,li1,56.1200,57.1200,1.799988
FILLER_16_96,VPWR,li1,50.1400,57.1200,1.799989
FILLER_16_70,VPWR,li1,38.4100,57.1200,1.799987
FILLER_16_67,VPWR,li1,37.0300,57.1200,1.799987
FILLER_16_64,VPWR,li1,35.6500,57.1200,1.799984
FILLER_16_61,VPWR,li1,34.2700,57.1200,1.799984
FILLER_16_40,VPWR,li1,24.1500,57.1200,1.799981
FILLER_16_37,VPWR,li1,23.2300,57.1200,1.799981
FILLER_16_27,VPWR,li1,18.1700,57.1200,1.799983
FILLER_15_181,VPWR,li1,89.0100,51.6800,1.799967
FILLER_15_178,VPWR,li1,88.0900,51.6800,1.799967
FILLER_15_175,VPWR,li1,86.7100,51.6800,1.799969
FILLER_15_158,VPWR,li1,78.6600,51.6800,1.799975
FILLER_15_153,VPWR,li1,76.3600,51.6800,1.799977
FILLER_15_150,VPWR,li1,75.2100,51.6800,1.799977
FILLER_15_147,VPWR,li1,73.8300,51.6800,1.799979
FILLER_15_111,VPWR,li1,56.8100,51.6800,1.799974
FILLER_15_66,VPWR,li1,36.5700,51.6800,1.799985
FILLER_15_63,VPWR,li1,35.1900,51.6800,1.799985
FILLER_15_60,VPWR,li1,33.8100,51.6800,1.799986
FILLER_15_34,VPWR,li1,21.3900,51.6800,1.799989
FILLER_14_197,VPWR,li1,96.6000,51.6800,1.799980
FILLER_14_188,VPWR,li1,92.6900,51.6800,1.799974
FILLER_14_185,VPWR,li1,91.3100,51.6800,1.799971
FILLER_14_172,VPWR,li1,85.1000,51.6800,1.799969
FILLER_14_167,VPWR,li1,82.8000,51.6800,1.799972
FILLER_14_159,VPWR,li1,79.3500,51.6800,1.799973
FILLER_14_156,VPWR,li1,77.9700,51.6800,1.799975
FILLER_14_153,VPWR,li1,76.5900,51.6800,1.799977
FILLER_14_150,VPWR,li1,75.2100,51.6800,1.799977
FILLER_14_147,VPWR,li1,73.8300,51.6800,1.799979
FILLER_14_144,VPWR,li1,72.4500,51.6800,1.799979
FILLER_14_138,VPWR,li1,69.4600,51.6800,1.799981
FILLER_14_133,VPWR,li1,67.1600,51.6800,1.799978
FILLER_14_101,VPWR,li1,52.4400,51.6800,1.799975
FILLER_14_98,VPWR,li1,51.2900,51.6800,1.799975
FILLER_14_95,VPWR,li1,49.9100,51.6800,1.799978
FILLER_14_92,VPWR,li1,48.5300,51.6800,1.799978
FILLER_14_57,VPWR,li1,32.4300,51.6800,1.799986
FILLER_14_25,VPWR,li1,17.7100,51.6800,1.799990
FILLER_14_6,VPWR,li1,8.7400,51.6800,1.799993
FILLER_14_3,VPWR,li1,7.5900,51.6800,1.799993
FILLER_13_217,VPWR,li1,105.5700,46.2400,1.799980
FILLER_13_193,VPWR,li1,94.9900,46.2400,1.799971
FILLER_13_186,VPWR,li1,91.3100,46.2400,1.799963
FILLER_13_167,VPWR,li1,82.5700,46.2400,1.799956
FILLER_13_138,VPWR,li1,69.2300,46.2400,1.799958
FILLER_13_126,VPWR,li1,63.7100,46.2400,1.799950
FILLER_13_116,VPWR,li1,59.3400,46.2400,1.799954
FILLER_13_109,VPWR,li1,56.3500,46.2400,1.799958
FILLER_13_104,VPWR,li1,53.8200,46.2400,1.799960
FILLER_13_101,VPWR,li1,52.6700,46.2400,1.799960
FILLER_13_93,VPWR,li1,48.7600,46.2400,1.799965
FILLER_13_90,VPWR,li1,47.6100,46.2400,1.799966
FILLER_13_87,VPWR,li1,46.2300,46.2400,1.799966
FILLER_13_84,VPWR,li1,44.8500,46.2400,1.799969
FILLER_13_27,VPWR,li1,18.4000,46.2400,1.799984
FILLER_13_24,VPWR,li1,17.2500,46.2400,1.799984
FILLER_13_14,VPWR,li1,12.4200,46.2400,1.799990
FILLER_13_11,VPWR,li1,11.2700,46.2400,1.799992
FILLER_12_211,VPWR,li1,102.8100,46.2400,1.799980
FILLER_12_206,VPWR,li1,100.7400,46.2400,1.799980
FILLER_12_203,VPWR,li1,99.5900,46.2400,1.799980
FILLER_12_200,VPWR,li1,98.2100,46.2400,1.799975
FILLER_12_197,VPWR,li1,96.8300,46.2400,1.799975
FILLER_12_194,VPWR,li1,95.2200,46.2400,1.799971
FILLER_12_152,VPWR,li1,75.9000,46.2400,1.799955
FILLER_12_147,VPWR,li1,73.6000,46.2400,1.799954
FILLER_12_102,VPWR,li1,52.9000,46.2400,1.799960
FILLER_12_88,VPWR,li1,46.4600,46.2400,1.799966
FILLER_12_83,VPWR,li1,43.9300,46.2400,1.799969
FILLER_12_29,VPWR,li1,19.5500,46.2400,1.799982
FILLER_12_27,VPWR,li1,18.1700,46.2400,1.799984
FILLER_12_16,VPWR,li1,13.5700,46.2400,1.799990
FILLER_12_6,VPWR,li1,8.7400,46.2400,1.799992
FILLER_12_3,VPWR,li1,7.5900,46.2400,1.799992
FILLER_11_208,VPWR,li1,101.4300,40.8000,1.799985
FILLER_11_205,VPWR,li1,100.5100,40.8000,1.799985
FILLER_11_202,VPWR,li1,99.1300,40.8000,1.799985
FILLER_11_199,VPWR,li1,97.7500,40.8000,1.799981
FILLER_11_196,VPWR,li1,96.3700,40.8000,1.799977
FILLER_11_193,VPWR,li1,94.9900,40.8000,1.799977
FILLER_11_158,VPWR,li1,78.4300,40.8000,1.799974
FILLER_11_155,VPWR,li1,77.5100,40.8000,1.799977
FILLER_11_152,VPWR,li1,76.1300,40.8000,1.799977
FILLER_11_149,VPWR,li1,74.7500,40.8000,1.799979
FILLER_11_138,VPWR,li1,69.4600,40.8000,1.799981
FILLER_11_116,VPWR,li1,59.1100,40.8000,1.799975
FILLER_11_113,VPWR,li1,58.1900,40.8000,1.799975
FILLER_11_55,VPWR,li1,31.0500,40.8000,1.799966
FILLER_10_210,VPWR,li1,102.5800,40.8000,1.799985
FILLER_10_206,VPWR,li1,100.5100,40.8000,1.799985
FILLER_10_193,VPWR,li1,94.9900,40.8000,1.799977
FILLER_10_184,VPWR,li1,90.3900,40.8000,1.799969
FILLER_10_164,VPWR,li1,81.4200,40.8000,1.799971
FILLER_10_148,VPWR,li1,74.0600,40.8000,1.799979
FILLER_10_113,VPWR,li1,58.1900,40.8000,1.799975
FILLER_10_110,VPWR,li1,56.8100,40.8000,1.799974
FILLER_10_107,VPWR,li1,55.4300,40.8000,1.799974
FILLER_10_85,VPWR,li1,45.0800,40.8000,1.799974
FILLER_10_56,VPWR,li1,31.5100,40.8000,1.799966
FILLER_10_6,VPWR,li1,8.5100,40.8000,1.799978
FILLER_10_3,VPWR,li1,7.5900,40.8000,1.799978
FILLER_9_185,VPWR,li1,91.3100,35.3600,1.799984
FILLER_9_145,VPWR,li1,72.6800,35.3600,1.799985
FILLER_9_128,VPWR,li1,64.8600,35.3600,1.799981
FILLER_9_125,VPWR,li1,63.7100,35.3600,1.799981
FILLER_9_122,VPWR,li1,62.3300,35.3600,1.799979
FILLER_9_119,VPWR,li1,60.9500,35.3600,1.799979
FILLER_9_116,VPWR,li1,59.5700,35.3600,1.799976
FILLER_9_113,VPWR,li1,58.1900,35.3600,1.799976
FILLER_9_110,VPWR,li1,56.5800,35.3600,1.799975
FILLER_9_107,VPWR,li1,55.4300,35.3600,1.799973
FILLER_9_104,VPWR,li1,54.0500,35.3600,1.799973
FILLER_9_101,VPWR,li1,52.6700,35.3600,1.799971
FILLER_9_98,VPWR,li1,51.2900,35.3600,1.799969
FILLER_9_95,VPWR,li1,49.9100,35.3600,1.799969
FILLER_9_92,VPWR,li1,48.5300,35.3600,1.799966
FILLER_9_89,VPWR,li1,47.1500,35.3600,1.799966
FILLER_9_31,VPWR,li1,20.2400,35.3600,1.799958
FILLER_9_3,VPWR,li1,7.5900,35.3600,1.799978
FILLER_8_203,VPWR,li1,99.1300,35.3600,1.799990
FILLER_8_157,VPWR,li1,78.4300,35.3600,1.799982
FILLER_8_154,VPWR,li1,77.0500,35.3600,1.799982
FILLER_8_141,VPWR,li1,70.6100,35.3600,1.799987
FILLER_8_116,VPWR,li1,59.3400,35.3600,1.799976
FILLER_8_113,VPWR,li1,58.1900,35.3600,1.799976
FILLER_8_99,VPWR,li1,51.7500,35.3600,1.799971
FILLER_8_96,VPWR,li1,50.3700,35.3600,1.799969
FILLER_8_85,VPWR,li1,45.3100,35.3600,1.799964
FILLER_8_70,VPWR,li1,38.1800,35.3600,1.799966
FILLER_8_67,VPWR,li1,37.0300,35.3600,1.799966
FILLER_8_29,VPWR,li1,19.5500,35.3600,1.799958
FILLER_8_25,VPWR,li1,17.7100,35.3600,1.799962
FILLER_8_11,VPWR,li1,10.8100,35.3600,1.799978
FILLER_7_215,VPWR,li1,105.1100,29.9200,1.799994
FILLER_7_190,VPWR,li1,93.1500,29.9200,1.799994
FILLER_7_160,VPWR,li1,79.3500,29.9200,1.799992
FILLER_7_157,VPWR,li1,78.4300,29.9200,1.799992
FILLER_7_147,VPWR,li1,73.8300,29.9200,1.799992
FILLER_7_116,VPWR,li1,59.1100,29.9200,1.799985
FILLER_7_102,VPWR,li1,52.9000,29.9200,1.799986
FILLER_7_92,VPWR,li1,48.0700,29.9200,1.799989
FILLER_7_89,VPWR,li1,47.1500,29.9200,1.799989
FILLER_7_86,VPWR,li1,45.7700,29.9200,1.799990
FILLER_7_83,VPWR,li1,44.3900,29.9200,1.799992
FILLER_7_65,VPWR,li1,35.8800,29.9200,1.799993
FILLER_7_6,VPWR,li1,8.5100,29.9200,1.799995
FILLER_7_3,VPWR,li1,7.5900,29.9200,1.799995
FILLER_6_195,VPWR,li1,95.4500,29.9200,1.799994
FILLER_6_189,VPWR,li1,93.1500,29.9200,1.799994
FILLER_6_181,VPWR,li1,89.0100,29.9200,1.799993
FILLER_6_178,VPWR,li1,88.0900,29.9200,1.799993
FILLER_6_175,VPWR,li1,86.7100,29.9200,1.799993
FILLER_6_172,VPWR,li1,85.3300,29.9200,1.799993
FILLER_6_168,VPWR,li1,83.0300,29.9200,1.799993
FILLER_6_165,VPWR,li1,82.1100,29.9200,1.799992
FILLER_6_162,VPWR,li1,80.7300,29.9200,1.799992
FILLER_6_158,VPWR,li1,78.4300,29.9200,1.799992
FILLER_6_155,VPWR,li1,77.5100,29.9200,1.799992
FILLER_6_152,VPWR,li1,76.1300,29.9200,1.799992
FILLER_6_149,VPWR,li1,74.7500,29.9200,1.799992
FILLER_6_146,VPWR,li1,73.3700,29.9200,1.799992
FILLER_6_114,VPWR,li1,58.4200,29.9200,1.799985
FILLER_6_85,VPWR,li1,45.0800,29.9200,1.799990
FILLER_6_83,VPWR,li1,43.9300,29.9200,1.799992
FILLER_6_67,VPWR,li1,36.5700,29.9200,1.799993
FILLER_6_42,VPWR,li1,25.0700,29.9200,1.799991
FILLER_6_32,VPWR,li1,20.7000,29.9200,1.799990
FILLER_6_29,VPWR,li1,19.5500,29.9200,1.799991
FILLER_6_27,VPWR,li1,18.1700,29.9200,1.799991
FILLER_6_18,VPWR,li1,14.0300,29.9200,1.799993
FILLER_6_15,VPWR,li1,13.1100,29.9200,1.799993
FILLER_6_6,VPWR,li1,8.5100,29.9200,1.799995
FILLER_5_209,VPWR,li1,101.8900,24.4800,1.799990
FILLER_5_202,VPWR,li1,98.6700,24.4800,1.799988
FILLER_5_177,VPWR,li1,87.1700,24.4800,1.799981
FILLER_5_174,VPWR,li1,86.2500,24.4800,1.799981
FILLER_5_167,VPWR,li1,82.5700,24.4800,1.799982
FILLER_5_143,VPWR,li1,71.9900,24.4800,1.799987
FILLER_5_140,VPWR,li1,70.6100,24.4800,1.799989
FILLER_5_119,VPWR,li1,60.9500,24.4800,1.799985
FILLER_5_116,VPWR,li1,59.5700,24.4800,1.799983
FILLER_5_113,VPWR,li1,58.1900,24.4800,1.799983
FILLER_5_83,VPWR,li1,44.3900,24.4800,1.799988
FILLER_5_55,VPWR,li1,31.0500,24.4800,1.799986
FILLER_5_20,VPWR,li1,14.9500,24.4800,1.799989
FILLER_4_217,VPWR,li1,105.5700,24.4800,1.799990
FILLER_4_200,VPWR,li1,98.2100,24.4800,1.799988
FILLER_4_197,VPWR,li1,96.8300,24.4800,1.799986
FILLER_4_194,VPWR,li1,95.2200,24.4800,1.799984
FILLER_4_158,VPWR,li1,78.6600,24.4800,1.799983
FILLER_4_141,VPWR,li1,70.8400,24.4800,1.799989
FILLER_4_138,VPWR,li1,69.4600,24.4800,1.799989
FILLER_4_100,VPWR,li1,51.9800,24.4800,1.799983
FILLER_4_85,VPWR,li1,45.3100,24.4800,1.799988
FILLER_4_81,VPWR,li1,43.4700,24.4800,1.799989
FILLER_4_78,VPWR,li1,42.0900,24.4800,1.799991
FILLER_4_75,VPWR,li1,40.7100,24.4800,1.799991
FILLER_4_37,VPWR,li1,23.0000,24.4800,1.799986
FILLER_4_27,VPWR,li1,18.1700,24.4800,1.799988
FILLER_3_201,VPWR,li1,98.4400,19.0400,1.799996
FILLER_3_198,VPWR,li1,97.2900,19.0400,1.799996
FILLER_3_195,VPWR,li1,95.9100,19.0400,1.799995
FILLER_3_192,VPWR,li1,94.5300,19.0400,1.799995
FILLER_3_181,VPWR,li1,89.4700,19.0400,1.799993
FILLER_3_169,VPWR,li1,83.4900,19.0400,1.799991
FILLER_3_131,VPWR,li1,66.2400,19.0400,1.799989
FILLER_3_109,VPWR,li1,56.3500,19.0400,1.799985
FILLER_3_85,VPWR,li1,45.3100,19.0400,1.799988
FILLER_3_82,VPWR,li1,43.9300,19.0400,1.799988
FILLER_3_79,VPWR,li1,42.5500,19.0400,1.799989
FILLER_3_76,VPWR,li1,41.1700,19.0400,1.799989
FILLER_3_68,VPWR,li1,37.0300,19.0400,1.799987
FILLER_3_65,VPWR,li1,36.1100,19.0400,1.799987
FILLER_3_34,VPWR,li1,21.3900,19.0400,1.799982
FILLER_3_3,VPWR,li1,7.1300,19.0400,1.799990
FILLER_2_205,VPWR,li1,100.2800,19.0400,1.799996
FILLER_2_195,VPWR,li1,95.4500,19.0400,1.799995
FILLER_2_192,VPWR,li1,94.5300,19.0400,1.799995
FILLER_2_175,VPWR,li1,86.2500,19.0400,1.799992
FILLER_2_172,VPWR,li1,85.3300,19.0400,1.799992
FILLER_2_169,VPWR,li1,83.9500,19.0400,1.799992
FILLER_2_166,VPWR,li1,82.5700,19.0400,1.799991
FILLER_2_163,VPWR,li1,81.1900,19.0400,1.799991
FILLER_2_160,VPWR,li1,79.8100,19.0400,1.799991
FILLER_2_157,VPWR,li1,78.4300,19.0400,1.799990
FILLER_2_144,VPWR,li1,72.2200,19.0400,1.799990
FILLER_2_138,VPWR,li1,69.4600,19.0400,1.799991
FILLER_2_127,VPWR,li1,64.4000,19.0400,1.799988
FILLER_2_124,VPWR,li1,63.2500,19.0400,1.799988
FILLER_2_85,VPWR,li1,45.3100,19.0400,1.799988
FILLER_2_83,VPWR,li1,43.9300,19.0400,1.799988
FILLER_2_40,VPWR,li1,24.3800,19.0400,1.799981
FILLER_2_27,VPWR,li1,18.1700,19.0400,1.799983
FILLER_2_24,VPWR,li1,17.2500,19.0400,1.799983
FILLER_1_210,VPWR,li1,102.5800,13.6000,1.799996
FILLER_1_207,VPWR,li1,101.4300,13.6000,1.799996
FILLER_1_204,VPWR,li1,100.0500,13.6000,1.799996
FILLER_1_201,VPWR,li1,98.6700,13.6000,1.799995
FILLER_1_198,VPWR,li1,97.2900,13.6000,1.799994
FILLER_1_195,VPWR,li1,95.9100,13.6000,1.799994
FILLER_1_192,VPWR,li1,94.5300,13.6000,1.799993
FILLER_1_169,VPWR,li1,83.7200,13.6000,1.799990
FILLER_1_166,VPWR,li1,82.3400,13.6000,1.799990
FILLER_1_163,VPWR,li1,81.1900,13.6000,1.799990
FILLER_1_160,VPWR,li1,79.8100,13.6000,1.799991
FILLER_1_157,VPWR,li1,78.4300,13.6000,1.799991
FILLER_1_154,VPWR,li1,77.0500,13.6000,1.799991
FILLER_1_151,VPWR,li1,75.6700,13.6000,1.799991
FILLER_1_127,VPWR,li1,64.6300,13.6000,1.799990
FILLER_1_124,VPWR,li1,63.2500,13.6000,1.799990
FILLER_1_116,VPWR,li1,59.1100,13.6000,1.799988
FILLER_1_111,VPWR,li1,56.8100,13.6000,1.799987
FILLER_1_44,VPWR,li1,25.9900,13.6000,1.799982
FILLER_1_25,VPWR,li1,17.4800,13.6000,1.799983
FILLER_0_215,VPWR,li1,105.1100,13.6000,1.799996
FILLER_0_212,VPWR,li1,103.7300,13.6000,1.799996
FILLER_0_209,VPWR,li1,102.3500,13.6000,1.799996
FILLER_0_206,VPWR,li1,100.9700,13.6000,1.799996
FILLER_0_203,VPWR,li1,99.5900,13.6000,1.799995
FILLER_0_200,VPWR,li1,98.2100,13.6000,1.799995
FILLER_0_197,VPWR,li1,96.8300,13.6000,1.799994
FILLER_0_194,VPWR,li1,95.2200,13.6000,1.799993
FILLER_0_191,VPWR,li1,94.0700,13.6000,1.799993
FILLER_0_180,VPWR,li1,88.5500,13.6000,1.799990
FILLER_0_177,VPWR,li1,87.6300,13.6000,1.799990
FILLER_0_174,VPWR,li1,86.2500,13.6000,1.799990
FILLER_0_169,VPWR,li1,83.7200,13.6000,1.799990
FILLER_0_167,VPWR,li1,82.5700,13.6000,1.799990
FILLER_0_164,VPWR,li1,81.6500,13.6000,1.799990
FILLER_0_161,VPWR,li1,80.2700,13.6000,1.799991
FILLER_0_158,VPWR,li1,78.8900,13.6000,1.799991
FILLER_0_155,VPWR,li1,77.5100,13.6000,1.799991
FILLER_0_152,VPWR,li1,76.1300,13.6000,1.799991
FILLER_0_149,VPWR,li1,74.7500,13.6000,1.799991
FILLER_0_137,VPWR,li1,69.2300,13.6000,1.799992
FILLER_0_113,VPWR,li1,58.1900,13.6000,1.799988
FILLER_0_111,VPWR,li1,56.8100,13.6000,1.799987
FILLER_0_108,VPWR,li1,55.8900,13.6000,1.799987
FILLER_0_105,VPWR,li1,54.5100,13.6000,1.799987
FILLER_0_97,VPWR,li1,50.8300,13.6000,1.799985
FILLER_0_93,VPWR,li1,48.5300,13.6000,1.799986
FILLER_0_83,VPWR,li1,43.9300,13.6000,1.799987
FILLER_0_47,VPWR,li1,27.3700,13.6000,1.799982
FILLER_0_44,VPWR,li1,26.4500,13.6000,1.799982
FILLER_0_29,VPWR,li1,19.0900,13.6000,1.799983
FILLER_0_25,VPWR,li1,17.7100,13.6000,1.799983
FILLER_0_16,VPWR,li1,13.1100,13.6000,1.799985
FILLER_0_6,VPWR,li1,8.7400,13.6000,1.799989
FILLER_0_3,VPWR,li1,7.5900,13.6000,1.799989
hold239,VPWR,li1,23.4600,95.2000,1.799989
hold238,VPWR,li1,48.7600,73.4400,1.799974
hold237,VPWR,li1,28.5200,100.6400,1.799989
hold236,VPWR,li1,35.8800,68.0000,1.799984
hold235,VPWR,li1,67.1600,35.3600,1.799984
hold234,VPWR,li1,44.1600,100.6400,1.799990
hold233,VPWR,li1,16.1000,111.5200,1.799998
hold232,VPWR,li1,55.2000,95.2000,1.799993
hold231,VPWR,li1,68.0800,24.4800,1.799988
hold230,VPWR,li1,30.3600,95.2000,1.799991
hold229,VPWR,li1,36.8000,46.2400,1.799971
hold228,VPWR,li1,76.8200,106.0800,1.799988
hold227,VPWR,li1,28.0600,40.8000,1.799964
hold226,VPWR,li1,33.5800,29.9200,1.799992
hold225,VPWR,li1,93.8400,95.2000,1.799990
hold224,VPWR,li1,63.9400,24.4800,1.799986
hold223,VPWR,li1,14.2600,40.8000,1.799971
hold222,VPWR,li1,80.9600,24.4800,1.799982
hold221,VPWR,li1,23.0000,84.3200,1.799949
hold220,VPWR,li1,21.6200,62.5600,1.799985
hold219,VPWR,li1,74.0600,95.2000,1.799994
hold218,VPWR,li1,63.9400,19.0400,1.799988
hold217,VPWR,li1,35.8800,40.8000,1.799972
hold216,VPWR,li1,59.3400,100.6400,1.799987
hold215,VPWR,li1,55.2000,46.2400,1.799958
hold214,VPWR,li1,98.4400,100.6400,1.799994
hold213,VPWR,li1,102.5800,29.9200,1.799994
hold212,VPWR,li1,24.3800,73.4400,1.799982
hold211,VPWR,li1,15.1800,13.6000,1.799984
hold210,VPWR,li1,68.5400,57.1200,1.799988
hold209,VPWR,li1,61.6400,51.6800,1.799975
hold208,VPWR,li1,38.1800,95.2000,1.799994
hold207,VPWR,li1,34.0400,89.7600,1.799987
hold206,VPWR,li1,43.7000,84.3200,1.799954
hold205,VPWR,li1,48.3000,84.3200,1.799952
hold204,VPWR,li1,23.0000,29.9200,1.799990
hold203,VPWR,li1,92.0000,19.0400,1.799994
hold202,VPWR,li1,85.1000,29.9200,1.799993
hold201,VPWR,li1,85.1000,35.3600,1.799981
hold200,VPWR,li1,97.9800,19.0400,1.799996
hold199,VPWR,li1,84.1800,73.4400,1.799974
hold198,VPWR,li1,61.6400,84.3200,1.799950
hold197,VPWR,li1,20.7000,51.6800,1.799989
hold196,VPWR,li1,27.1400,95.2000,1.799990
hold195,VPWR,li1,27.1400,51.6800,1.799987
hold194,VPWR,li1,101.6600,89.7600,1.799999
hold193,VPWR,li1,19.3200,89.7600,1.799984
hold192,VPWR,li1,92.0000,89.7600,1.799998
hold191,VPWR,li1,40.4800,100.6400,1.799992
hold190,VPWR,li1,16.1000,57.1200,1.799985
hold189,VPWR,li1,42.3200,73.4400,1.799982
hold188,VPWR,li1,73.6000,73.4400,1.799976
hold187,VPWR,li1,24.8400,62.5600,1.799983
hold186,VPWR,li1,15.1800,68.0000,1.799987
hold185,VPWR,li1,72.2200,13.6000,1.799991
hold184,VPWR,li1,73.1400,24.4800,1.799987
hold183,VPWR,li1,96.6000,29.9200,1.799994
hold182,VPWR,li1,26.2200,78.8800,1.799945
hold181,VPWR,li1,58.4200,89.7600,1.799994
hold180,VPWR,li1,32.2000,62.5600,1.799979
hold179,VPWR,li1,29.4400,84.3200,1.799950
hold178,VPWR,li1,20.7000,19.0400,1.799982
hold177,VPWR,li1,57.9600,78.8800,1.799972
hold176,VPWR,li1,65.7800,78.8800,1.799974
hold175,VPWR,li1,52.4400,73.4400,1.799972
hold174,VPWR,li1,87.8600,73.4400,1.799976
hold173,VPWR,li1,87.8600,73.4400,1.799976
hold172,VPWR,li1,53.8200,57.1200,1.799988
hold171,VPWR,li1,8.7400,111.5200,1.799999
hold170,VPWR,li1,55.2000,29.9200,1.799985
hold169,VPWR,li1,55.6600,35.3600,1.799973
hold168,VPWR,li1,100.2800,68.0000,1.799992
hold167,VPWR,li1,12.4200,57.1200,1.799987
hold166,VPWR,li1,98.9000,51.6800,1.799984
hold165,VPWR,li1,103.9600,51.6800,1.799987
hold164,VPWR,li1,15.1800,35.3600,1.799968
hold163,VPWR,li1,42.7800,78.8800,1.799971
hold162,VPWR,li1,87.8600,46.2400,1.799959
hold161,VPWR,li1,85.1000,46.2400,1.799958
hold160,VPWR,li1,13.3400,95.2000,1.799992
hold159,VPWR,li1,16.1000,24.4800,1.799989
hold158,VPWR,li1,13.3400,78.8800,1.799961
hold157,VPWR,li1,88.7800,62.5600,1.799971
hold156,VPWR,li1,85.5600,57.1200,1.799984
clkload13,VPWR,li1,86.4800,84.3200,1.799953
clkload12,VPWR,li1,84.6400,73.4400,1.799974
clkload11,VPWR,li1,68.0800,84.3200,1.799953
clkload10,VPWR,li1,65.3200,84.3200,1.799951
clkload9,VPWR,li1,88.3200,46.2400,1.799959
clkload8,VPWR,li1,91.0800,46.2400,1.799963
clkload7,VPWR,li1,65.3200,51.6800,1.799976
clkload6,VPWR,li1,71.7600,46.2400,1.799955
clkload5,VPWR,li1,42.7800,84.3200,1.799954
clkload4,VPWR,li1,29.9000,78.8800,1.799944
clkload3,VPWR,li1,20.2400,89.7600,1.799984
clkload2,VPWR,li1,33.5800,46.2400,1.799971
clkload1,VPWR,li1,33.1200,40.8000,1.799968
clkload0,VPWR,li1,20.2400,40.8000,1.799958
clkbuf_4_15_0_clk,VPWR,li1,90.3900,84.3200,1.799953
clkbuf_4_14_0_clk,VPWR,li1,92.6900,78.8800,1.799961
clkbuf_4_13_0_clk,VPWR,li1,67.3900,84.3200,1.799953
clkbuf_4_12_0_clk,VPWR,li1,66.0100,73.4400,1.799967
clkbuf_4_11_0_clk,VPWR,li1,88.0900,51.6800,1.799967
clkbuf_4_10_0_clk,VPWR,li1,87.6300,40.8000,1.799964
clkbuf_4_9_0_clk,VPWR,li1,66.4700,46.2400,1.799947
clkbuf_4_8_0_clk,VPWR,li1,67.3900,46.2400,1.799947
clkbuf_4_7_0_clk,VPWR,li1,38.8700,84.3200,1.799959
clkbuf_4_6_0_clk,VPWR,li1,31.0500,78.8800,1.799945
clkbuf_4_5_0_clk,VPWR,li1,22.7700,84.3200,1.799949
clkbuf_4_4_0_clk,VPWR,li1,17.7100,78.8800,1.799951
clkbuf_4_3_0_clk,VPWR,li1,41.1700,46.2400,1.799972
clkbuf_4_2_0_clk,VPWR,li1,43.9300,35.3600,1.799964
clkbuf_4_1_0_clk,VPWR,li1,19.5500,40.8000,1.799958
clkbuf_4_0_0_clk,VPWR,li1,22.7700,35.3600,1.799952
clkbuf_0_clk,VPWR,li1,61.1800,62.5600,1.799916
soc_top,VPWR,li1,77.5100,111.5200,1.799999
fanout63,VPWR,li1,103.9600,24.4800,1.799990
fanout62,VPWR,li1,94.3000,62.5600,1.799977
load_slew61,VPWR,li1,97.5200,62.5600,1.799981
fanout60,VPWR,li1,93.8400,68.0000,1.799986
load_slew59,VPWR,li1,80.9600,73.4400,1.799974
fanout58,VPWR,li1,77.7400,73.4400,1.799975
load_slew57,VPWR,li1,100.7400,35.3600,1.799990
fanout56,VPWR,li1,103.9600,35.3600,1.799989
load_slew55,VPWR,li1,103.0400,19.0400,1.799996
fanout54,VPWR,li1,103.5000,24.4800,1.799990
load_slew53,VPWR,li1,77.7400,19.0400,1.799990
fanout52,VPWR,li1,74.5200,19.0400,1.799990
fanout51,VPWR,li1,55.2000,68.0000,1.799979
fanout50,VPWR,li1,54.2800,84.3200,1.799950
load_slew49,VPWR,li1,51.5200,68.0000,1.799980
fanout48,VPWR,li1,54.7400,62.5600,1.799932
load_slew47,VPWR,li1,22.5400,68.0000,1.799982
fanout46,VPWR,li1,27.6000,68.0000,1.799980
load_slew45,VPWR,li1,54.2800,19.0400,1.799985
fanout44,VPWR,li1,51.0600,19.0400,1.799986
fanout43,VPWR,li1,29.4400,13.6000,1.799983
load_slew42,VPWR,li1,34.5000,24.4800,1.799987
fanout41,VPWR,li1,33.5800,19.0400,1.799984
max_cap40,VPWR,li1,52.4400,89.7600,1.799993
wire39,VPWR,li1,62.5600,84.3200,1.799951
max_cap38,VPWR,li1,65.3200,89.7600,1.799995
max_cap37,VPWR,li1,32.8900,57.1200,1.799983
max_cap36,VPWR,li1,33.5800,62.5600,1.799978
fanout35,VPWR,li1,14.2600,89.7600,1.799987
output34,VPWR,li1,10.5800,40.8000,1.799978
output33,VPWR,li1,16.1000,46.2400,1.799987
output32,VPWR,li1,8.7400,24.4800,1.799991
output31,VPWR,li1,8.7400,19.0400,1.799990
output30,VPWR,li1,12.4200,24.4800,1.799990
output29,VPWR,li1,11.5000,19.0400,1.799990
output28,VPWR,li1,16.1000,29.9200,1.799992
output27,VPWR,li1,19.3200,106.0800,1.799983
output26,VPWR,li1,12.4200,100.6400,1.799996
output25,VPWR,li1,20.7000,24.4800,1.799987
output24,VPWR,li1,12.4200,100.6400,1.799996
output23,VPWR,li1,16.1000,100.6400,1.799994
output22,VPWR,li1,16.1000,100.6400,1.799994
output21,VPWR,li1,9.6600,95.2000,1.799993
output20,VPWR,li1,8.7400,100.6400,1.799996
output19,VPWR,li1,8.7400,100.6400,1.799996
output18,VPWR,li1,8.7400,89.7600,1.799990
output17,VPWR,li1,12.4200,84.3200,1.799972
output16,VPWR,li1,8.7400,84.3200,1.799978
output15,VPWR,li1,8.7400,78.8800,1.799970
output14,VPWR,li1,8.7400,73.4400,1.799991
output13,VPWR,li1,8.7400,68.0000,1.799991
output12,VPWR,li1,8.7400,62.5600,1.799991
output11,VPWR,li1,12.4200,62.5600,1.799990
output10,VPWR,li1,8.7400,57.1200,1.799990
output9,VPWR,li1,8.7400,46.2400,1.799992
output8,VPWR,li1,8.7400,51.6800,1.799993
output7,VPWR,li1,16.1000,51.6800,1.799990
output6,VPWR,li1,8.7400,35.3600,1.799978
output5,VPWR,li1,14.7200,46.2400,1.799987
output4,VPWR,li1,29.4400,13.6000,1.799983
output3,VPWR,li1,12.4200,111.5200,1.799998
output2,VPWR,li1,20.7000,111.5200,1.799997
input1,VPWR,li1,103.9600,19.0400,1.799996
soc_top_155,VPWR,li1,42.0900,111.5200,1.799997
soc_top_154,VPWR,li1,49.9100,111.5200,1.799997
soc_top_153,VPWR,li1,30.5900,111.5200,1.799996
soc_top_152,VPWR,li1,30.5900,89.7600,1.799986
soc_top_151,VPWR,li1,53.1300,111.5200,1.799998
soc_top_150,VPWR,li1,17.7100,95.2000,1.799991
soc_top_149,VPWR,li1,8.0500,106.0800,1.799988
soc_top_148,VPWR,li1,20.0100,95.2000,1.799990
soc_top_147,VPWR,li1,7.5900,29.9200,1.799995
soc_top_146,VPWR,li1,11.2700,19.0400,1.799990
soc_top_145,VPWR,li1,103.7300,106.0800,1.799996
soc_top_144,VPWR,li1,105.1100,111.5200,1.800000
soc_top_143,VPWR,li1,103.7300,106.0800,1.799996
soc_top_142,VPWR,li1,105.1100,106.0800,1.799996
soc_top_141,VPWR,li1,103.7300,100.6400,1.799996
soc_top_140,VPWR,li1,105.1100,106.0800,1.799996
soc_top_139,VPWR,li1,102.3500,100.6400,1.799996
soc_top_138,VPWR,li1,102.3500,95.2000,1.799992
soc_top_137,VPWR,li1,105.1100,100.6400,1.799996
soc_top_136,VPWR,li1,103.7300,100.6400,1.799996
soc_top_135,VPWR,li1,105.1100,100.6400,1.799996
soc_top_134,VPWR,li1,104.1900,89.7600,1.799999
soc_top_133,VPWR,li1,103.7300,95.2000,1.799992
soc_top_132,VPWR,li1,102.3500,89.7600,1.799999
soc_top_131,VPWR,li1,105.1100,95.2000,1.799992
soc_top_130,VPWR,li1,103.7300,89.7600,1.799999
soc_top_129,VPWR,li1,105.1100,89.7600,1.799999
soc_top_128,VPWR,li1,103.7300,84.3200,1.799976
soc_top_127,VPWR,li1,105.1100,84.3200,1.799976
soc_top_126,VPWR,li1,103.7300,78.8800,1.799980
soc_top_125,VPWR,li1,105.1100,78.8800,1.799980
soc_top_124,VPWR,li1,103.7300,78.8800,1.799980
soc_top_123,VPWR,li1,105.1100,78.8800,1.799980
soc_top_122,VPWR,li1,103.7300,73.4400,1.799986
soc_top_121,VPWR,li1,105.1100,73.4400,1.799986
soc_top_120,VPWR,li1,105.1100,68.0000,1.799992
soc_top_119,VPWR,li1,103.7300,68.0000,1.799992
soc_top_118,VPWR,li1,105.1100,62.5600,1.799984
soc_top_117,VPWR,li1,104.1900,68.0000,1.799992
soc_top_116,VPWR,li1,102.3500,68.0000,1.799992
soc_top_115,VPWR,li1,100.9700,62.5600,1.799984
soc_top_114,VPWR,li1,103.7300,62.5600,1.799984
soc_top_113,VPWR,li1,102.3500,62.5600,1.799984
soc_top_112,VPWR,li1,101.8900,111.5200,1.800000
soc_top_111,VPWR,li1,105.1100,57.1200,1.799993
soc_top_110,VPWR,li1,103.7300,57.1200,1.799993
soc_top_109,VPWR,li1,105.1100,57.1200,1.799993
soc_top_108,VPWR,li1,103.7300,57.1200,1.799993
soc_top_107,VPWR,li1,105.1100,51.6800,1.799987
soc_top_106,VPWR,li1,102.3500,57.1200,1.799993
soc_top_105,VPWR,li1,101.4300,51.6800,1.799987
soc_top_104,VPWR,li1,100.9700,51.6800,1.799987
soc_top_103,VPWR,li1,103.7300,51.6800,1.799987
soc_top_102,VPWR,li1,102.3500,51.6800,1.799987
soc_top_101,VPWR,li1,105.1100,46.2400,1.799980
soc_top_100,VPWR,li1,103.7300,46.2400,1.799980
soc_top_99,VPWR,li1,105.1100,40.8000,1.799985
soc_top_98,VPWR,li1,103.7300,40.8000,1.799985
soc_top_97,VPWR,li1,105.1100,40.8000,1.799985
soc_top_96,VPWR,li1,102.3500,40.8000,1.799985
soc_top_95,VPWR,li1,103.7300,40.8000,1.799985
soc_top_94,VPWR,li1,105.1100,35.3600,1.799989
soc_top_93,VPWR,li1,103.7300,35.3600,1.799989
soc_top_92,VPWR,li1,102.3500,35.3600,1.799989
soc_top_91,VPWR,li1,101.4300,40.8000,1.799985
soc_top_90,VPWR,li1,94.9900,35.3600,1.799986
soc_top_89,VPWR,li1,105.1100,19.0400,1.799996
soc_top_88,VPWR,li1,94.0700,29.9200,1.799994
soc_top_87,VPWR,li1,105.1100,13.6000,1.799996
soc_top_86,VPWR,li1,99.5900,24.4800,1.799988
soc_top_85,VPWR,li1,101.4300,19.0400,1.799996
soc_top_84,VPWR,li1,100.9700,24.4800,1.799990
soc_top_83,VPWR,li1,99.5900,19.0400,1.799996
soc_top_82,VPWR,li1,99.5900,24.4800,1.799988
soc_top_81,VPWR,li1,100.9700,19.0400,1.799996
soc_top_80,VPWR,li1,103.7300,13.6000,1.799996
soc_top_79,VPWR,li1,73.8300,111.5200,1.799999
soc_top_78,VPWR,li1,69.2300,111.5200,1.799999
soc_top_77,VPWR,li1,66.4700,111.5200,1.799999
soc_top_76,VPWR,li1,62.7900,111.5200,1.799999
soc_top_75,VPWR,li1,59.1100,111.5200,1.799998
soc_top_74,VPWR,li1,55.4300,111.5200,1.799998
soc_top_73,VPWR,li1,51.7500,111.5200,1.799998
soc_top_72,VPWR,li1,48.5300,111.5200,1.799997
soc_top_71,VPWR,li1,84.8700,13.6000,1.799990
soc_top_70,VPWR,li1,103.2700,111.5200,1.800000
soc_top_69,VPWR,li1,99.5900,111.5200,1.800000
soc_top_68,VPWR,li1,94.9900,111.5200,1.800000
soc_top_67,VPWR,li1,92.2300,111.5200,1.800000
soc_top_66,VPWR,li1,88.5500,111.5200,1.800000
soc_top_65,VPWR,li1,84.8700,111.5200,1.800000
soc_top_64,VPWR,li1,81.1900,111.5200,1.800000
TAP_TAPCELL_ROW_36_209,VPWR,li1,95.9100,111.2130,1.800000
TAP_TAPCELL_ROW_36_208,VPWR,li1,83.0300,111.2130,1.800000
TAP_TAPCELL_ROW_36_207,VPWR,li1,70.1500,111.2130,1.799999
TAP_TAPCELL_ROW_36_206,VPWR,li1,57.2700,111.2130,1.799998
TAP_TAPCELL_ROW_36_205,VPWR,li1,44.3900,111.2130,1.799997
TAP_TAPCELL_ROW_36_204,VPWR,li1,31.5100,111.2130,1.799996
TAP_TAPCELL_ROW_36_203,VPWR,li1,18.6300,111.2130,1.799998
TAP_TAPCELL_ROW_35_202,VPWR,li1,83.0300,106.3860,1.799987
TAP_TAPCELL_ROW_35_201,VPWR,li1,57.2700,106.3860,1.799984
TAP_TAPCELL_ROW_35_200,VPWR,li1,31.5100,106.3860,1.799982
TAP_TAPCELL_ROW_34_199,VPWR,li1,95.9100,105.7730,1.799993
TAP_TAPCELL_ROW_34_198,VPWR,li1,70.1500,105.7730,1.799989
TAP_TAPCELL_ROW_34_197,VPWR,li1,44.3900,105.7730,1.799985
TAP_TAPCELL_ROW_34_196,VPWR,li1,18.6300,105.7730,1.799983
TAP_TAPCELL_ROW_33_195,VPWR,li1,83.0300,100.9460,1.799991
TAP_TAPCELL_ROW_33_194,VPWR,li1,57.2700,100.9460,1.799988
TAP_TAPCELL_ROW_33_193,VPWR,li1,31.5100,100.9460,1.799990
TAP_TAPCELL_ROW_32_192,VPWR,li1,95.9100,100.3330,1.799993
TAP_TAPCELL_ROW_32_191,VPWR,li1,70.1500,100.3330,1.799991
TAP_TAPCELL_ROW_32_190,VPWR,li1,44.3900,100.3330,1.799990
TAP_TAPCELL_ROW_32_189,VPWR,li1,18.6300,100.3330,1.799993
TAP_TAPCELL_ROW_31_188,VPWR,li1,83.0300,95.5060,1.799993
TAP_TAPCELL_ROW_31_187,VPWR,li1,57.2700,95.5060,1.799993
TAP_TAPCELL_ROW_31_186,VPWR,li1,31.5100,95.5060,1.799991
TAP_TAPCELL_ROW_30_185,VPWR,li1,95.9100,94.8930,1.799990
TAP_TAPCELL_ROW_30_184,VPWR,li1,70.1500,94.8930,1.799995
TAP_TAPCELL_ROW_30_183,VPWR,li1,44.3900,94.8930,1.799995
TAP_TAPCELL_ROW_30_182,VPWR,li1,18.6300,94.8930,1.799990
TAP_TAPCELL_ROW_29_181,VPWR,li1,83.0300,90.0660,1.799997
TAP_TAPCELL_ROW_29_180,VPWR,li1,57.2700,90.0660,1.799994
TAP_TAPCELL_ROW_29_179,VPWR,li1,31.5100,90.0660,1.799986
TAP_TAPCELL_ROW_28_178,VPWR,li1,95.9100,89.4530,1.799998
TAP_TAPCELL_ROW_28_177,VPWR,li1,70.1500,89.4530,1.799995
TAP_TAPCELL_ROW_28_176,VPWR,li1,44.3900,89.4530,1.799992
TAP_TAPCELL_ROW_28_175,VPWR,li1,18.6300,89.4530,1.799984
TAP_TAPCELL_ROW_27_174,VPWR,li1,83.0300,84.6260,1.799954
TAP_TAPCELL_ROW_27_173,VPWR,li1,57.2700,84.6260,1.799950
TAP_TAPCELL_ROW_27_172,VPWR,li1,31.5100,84.6260,1.799952
TAP_TAPCELL_ROW_26_171,VPWR,li1,95.9100,84.0130,1.799964
TAP_TAPCELL_ROW_26_170,VPWR,li1,70.1500,84.0130,1.799963
TAP_TAPCELL_ROW_26_169,VPWR,li1,44.3900,84.0130,1.799954
TAP_TAPCELL_ROW_26_168,VPWR,li1,18.6300,84.0130,1.799957
TAP_TAPCELL_ROW_25_167,VPWR,li1,83.0300,79.1860,1.799966
TAP_TAPCELL_ROW_25_166,VPWR,li1,57.2700,79.1860,1.799971
TAP_TAPCELL_ROW_25_165,VPWR,li1,31.5100,79.1860,1.799945
TAP_TAPCELL_ROW_24_164,VPWR,li1,95.9100,78.5730,1.799968
TAP_TAPCELL_ROW_24_163,VPWR,li1,70.1500,78.5730,1.799979
TAP_TAPCELL_ROW_24_162,VPWR,li1,44.3900,78.5730,1.799971
TAP_TAPCELL_ROW_24_161,VPWR,li1,18.6300,78.5730,1.799949
TAP_TAPCELL_ROW_23_160,VPWR,li1,83.0300,73.7460,1.799974
TAP_TAPCELL_ROW_23_159,VPWR,li1,57.2700,73.7460,1.799969
TAP_TAPCELL_ROW_23_158,VPWR,li1,31.5100,73.7460,1.799982
TAP_TAPCELL_ROW_22_157,VPWR,li1,95.9100,73.1330,1.799980
TAP_TAPCELL_ROW_22_156,VPWR,li1,70.1500,73.1330,1.799977
TAP_TAPCELL_ROW_22_155,VPWR,li1,44.3900,73.1330,1.799980
TAP_TAPCELL_ROW_22_154,VPWR,li1,18.6300,73.1330,1.799986
TAP_TAPCELL_ROW_21_153,VPWR,li1,83.0300,68.3060,1.799979
TAP_TAPCELL_ROW_21_152,VPWR,li1,57.2700,68.3060,1.799979
TAP_TAPCELL_ROW_21_151,VPWR,li1,31.5100,68.3060,1.799981
TAP_TAPCELL_ROW_20_150,VPWR,li1,95.9100,67.6930,1.799988
TAP_TAPCELL_ROW_20_149,VPWR,li1,70.1500,67.6930,1.799986
TAP_TAPCELL_ROW_20_148,VPWR,li1,44.3900,67.6930,1.799985
TAP_TAPCELL_ROW_20_147,VPWR,li1,18.6300,67.6930,1.799984
TAP_TAPCELL_ROW_19_146,VPWR,li1,83.0300,62.8660,1.799965
TAP_TAPCELL_ROW_19_145,VPWR,li1,57.2700,62.8660,1.799926
TAP_TAPCELL_ROW_19_144,VPWR,li1,31.5100,62.8660,1.799979
TAP_TAPCELL_ROW_18_143,VPWR,li1,95.9100,62.2530,1.799977
TAP_TAPCELL_ROW_18_142,VPWR,li1,70.1500,62.2530,1.799958
TAP_TAPCELL_ROW_18_141,VPWR,li1,44.3900,62.2530,1.799962
TAP_TAPCELL_ROW_18_140,VPWR,li1,18.6300,62.2530,1.799986
TAP_TAPCELL_ROW_17_139,VPWR,li1,83.0300,57.4260,1.799984
TAP_TAPCELL_ROW_17_138,VPWR,li1,57.2700,57.4260,1.799988
TAP_TAPCELL_ROW_17_137,VPWR,li1,31.5100,57.4260,1.799983
TAP_TAPCELL_ROW_16_136,VPWR,li1,95.9100,56.8130,1.799989
TAP_TAPCELL_ROW_16_135,VPWR,li1,70.1500,56.8130,1.799988
TAP_TAPCELL_ROW_16_134,VPWR,li1,44.3900,56.8130,1.799990
TAP_TAPCELL_ROW_16_133,VPWR,li1,18.6300,56.8130,1.799983
TAP_TAPCELL_ROW_15_132,VPWR,li1,83.0300,51.9860,1.799971
TAP_TAPCELL_ROW_15_131,VPWR,li1,57.2700,51.9860,1.799974
TAP_TAPCELL_ROW_15_130,VPWR,li1,31.5100,51.9860,1.799987
TAP_TAPCELL_ROW_14_129,VPWR,li1,95.9100,51.3730,1.799977
TAP_TAPCELL_ROW_14_128,VPWR,li1,70.1500,51.3730,1.799981
TAP_TAPCELL_ROW_14_127,VPWR,li1,44.3900,51.3730,1.799983
TAP_TAPCELL_ROW_14_126,VPWR,li1,18.6300,51.3730,1.799990
TAP_TAPCELL_ROW_13_125,VPWR,li1,83.0300,46.5460,1.799956
TAP_TAPCELL_ROW_13_124,VPWR,li1,57.2700,46.5460,1.799956
TAP_TAPCELL_ROW_13_123,VPWR,li1,31.5100,46.5460,1.799972
TAP_TAPCELL_ROW_12_122,VPWR,li1,95.9100,45.9330,1.799971
TAP_TAPCELL_ROW_12_121,VPWR,li1,70.1500,45.9330,1.799958
TAP_TAPCELL_ROW_12_120,VPWR,li1,44.3900,45.9330,1.799969
TAP_TAPCELL_ROW_12_119,VPWR,li1,18.6300,45.9330,1.799984
TAP_TAPCELL_ROW_11_118,VPWR,li1,83.0300,41.1060,1.799969
TAP_TAPCELL_ROW_11_117,VPWR,li1,57.2700,41.1060,1.799975
TAP_TAPCELL_ROW_11_116,VPWR,li1,31.5100,41.1060,1.799966
TAP_TAPCELL_ROW_10_115,VPWR,li1,95.9100,40.4930,1.799977
TAP_TAPCELL_ROW_10_114,VPWR,li1,70.1500,40.4930,1.799983
TAP_TAPCELL_ROW_10_113,VPWR,li1,44.3900,40.4930,1.799974
TAP_TAPCELL_ROW_10_112,VPWR,li1,18.6300,40.4930,1.799962
TAP_TAPCELL_ROW_9_111,VPWR,li1,83.0300,35.6660,1.799982
TAP_TAPCELL_ROW_9_110,VPWR,li1,57.2700,35.6660,1.799975
TAP_TAPCELL_ROW_9_109,VPWR,li1,31.5100,35.6660,1.799956
TAP_TAPCELL_ROW_8_108,VPWR,li1,95.9100,35.0530,1.799986
TAP_TAPCELL_ROW_8_107,VPWR,li1,70.1500,35.0530,1.799987
TAP_TAPCELL_ROW_8_106,VPWR,li1,44.3900,35.0530,1.799964
TAP_TAPCELL_ROW_8_105,VPWR,li1,18.6300,35.0530,1.799962
TAP_TAPCELL_ROW_7_104,VPWR,li1,83.0300,30.2260,1.799993
TAP_TAPCELL_ROW_7_103,VPWR,li1,57.2700,30.2260,1.799985
TAP_TAPCELL_ROW_7_102,VPWR,li1,31.5100,30.2260,1.799992
TAP_TAPCELL_ROW_6_101,VPWR,li1,95.9100,29.6130,1.799994
TAP_TAPCELL_ROW_6_100,VPWR,li1,70.1500,29.6130,1.799991
TAP_TAPCELL_ROW_6_99,VPWR,li1,44.3900,29.6130,1.799992
TAP_TAPCELL_ROW_6_98,VPWR,li1,18.6300,29.6130,1.799991
TAP_TAPCELL_ROW_5_97,VPWR,li1,83.0300,24.7860,1.799982
TAP_TAPCELL_ROW_5_96,VPWR,li1,57.2700,24.7860,1.799983
TAP_TAPCELL_ROW_5_95,VPWR,li1,31.5100,24.7860,1.799986
TAP_TAPCELL_ROW_4_94,VPWR,li1,95.9100,24.1730,1.799986
TAP_TAPCELL_ROW_4_93,VPWR,li1,70.1500,24.1730,1.799989
TAP_TAPCELL_ROW_4_92,VPWR,li1,44.3900,24.1730,1.799988
TAP_TAPCELL_ROW_4_91,VPWR,li1,18.6300,24.1730,1.799988
TAP_TAPCELL_ROW_3_90,VPWR,li1,83.0300,19.3460,1.799991
TAP_TAPCELL_ROW_3_89,VPWR,li1,57.2700,19.3460,1.799985
TAP_TAPCELL_ROW_3_88,VPWR,li1,31.5100,19.3460,1.799983
TAP_TAPCELL_ROW_2_87,VPWR,li1,95.9100,18.7330,1.799995
TAP_TAPCELL_ROW_2_86,VPWR,li1,70.1500,18.7330,1.799991
TAP_TAPCELL_ROW_2_85,VPWR,li1,44.3900,18.7330,1.799988
TAP_TAPCELL_ROW_2_84,VPWR,li1,18.6300,18.7330,1.799983
TAP_TAPCELL_ROW_1_83,VPWR,li1,83.0300,13.9060,1.799990
TAP_TAPCELL_ROW_1_82,VPWR,li1,57.2700,13.9060,1.799987
TAP_TAPCELL_ROW_1_81,VPWR,li1,31.5100,13.9060,1.799984
TAP_TAPCELL_ROW_0_80,VPWR,li1,95.9100,13.2930,1.799994
TAP_TAPCELL_ROW_0_79,VPWR,li1,83.0300,13.2930,1.799990
TAP_TAPCELL_ROW_0_78,VPWR,li1,70.1500,13.2930,1.799992
TAP_TAPCELL_ROW_0_77,VPWR,li1,57.2700,13.2930,1.799987
TAP_TAPCELL_ROW_0_76,VPWR,li1,44.3900,13.2930,1.799987
TAP_TAPCELL_ROW_0_75,VPWR,li1,31.5100,13.2930,1.799984
TAP_TAPCELL_ROW_0_74,VPWR,li1,18.6300,13.2930,1.799983
PHY_EDGE_ROW_36_Left_73,VPWR,li1,6.2100,111.5200,1.799999
PHY_EDGE_ROW_35_Left_72,VPWR,li1,6.2100,106.0800,1.799988
PHY_EDGE_ROW_34_Left_71,VPWR,li1,6.2100,106.0800,1.799988
PHY_EDGE_ROW_33_Left_70,VPWR,li1,6.2100,100.6400,1.799996
PHY_EDGE_ROW_32_Left_69,VPWR,li1,6.2100,100.6400,1.799996
PHY_EDGE_ROW_31_Left_68,VPWR,li1,6.2100,95.2000,1.799993
PHY_EDGE_ROW_30_Left_67,VPWR,li1,6.2100,95.2000,1.799993
PHY_EDGE_ROW_29_Left_66,VPWR,li1,6.2100,89.7600,1.799990
PHY_EDGE_ROW_28_Left_65,VPWR,li1,6.2100,89.7600,1.799990
PHY_EDGE_ROW_27_Left_64,VPWR,li1,6.2100,84.3200,1.799978
PHY_EDGE_ROW_26_Left_63,VPWR,li1,6.2100,84.3200,1.799978
PHY_EDGE_ROW_25_Left_62,VPWR,li1,6.2100,78.8800,1.799970
PHY_EDGE_ROW_24_Left_61,VPWR,li1,6.2100,78.8800,1.799970
PHY_EDGE_ROW_23_Left_60,VPWR,li1,6.2100,73.4400,1.799991
PHY_EDGE_ROW_22_Left_59,VPWR,li1,6.2100,73.4400,1.799991
PHY_EDGE_ROW_21_Left_58,VPWR,li1,6.2100,68.0000,1.799991
PHY_EDGE_ROW_20_Left_57,VPWR,li1,6.2100,68.0000,1.799991
PHY_EDGE_ROW_19_Left_56,VPWR,li1,6.2100,62.5600,1.799991
PHY_EDGE_ROW_18_Left_55,VPWR,li1,6.2100,62.5600,1.799991
PHY_EDGE_ROW_17_Left_54,VPWR,li1,6.2100,57.1200,1.799990
PHY_EDGE_ROW_16_Left_53,VPWR,li1,6.2100,57.1200,1.799990
PHY_EDGE_ROW_15_Left_52,VPWR,li1,6.2100,51.6800,1.799993
PHY_EDGE_ROW_14_Left_51,VPWR,li1,6.2100,51.6800,1.799993
PHY_EDGE_ROW_13_Left_50,VPWR,li1,6.2100,46.2400,1.799992
PHY_EDGE_ROW_12_Left_49,VPWR,li1,6.2100,46.2400,1.799992
PHY_EDGE_ROW_11_Left_48,VPWR,li1,6.2100,40.8000,1.799978
PHY_EDGE_ROW_10_Left_47,VPWR,li1,6.2100,40.8000,1.799978
PHY_EDGE_ROW_9_Left_46,VPWR,li1,6.2100,35.3600,1.799978
PHY_EDGE_ROW_8_Left_45,VPWR,li1,6.2100,35.3600,1.799978
PHY_EDGE_ROW_7_Left_44,VPWR,li1,6.2100,29.9200,1.799995
PHY_EDGE_ROW_6_Left_43,VPWR,li1,6.2100,29.9200,1.799995
PHY_EDGE_ROW_5_Left_42,VPWR,li1,6.2100,24.4800,1.799991
PHY_EDGE_ROW_4_Left_41,VPWR,li1,6.2100,24.4800,1.799991
PHY_EDGE_ROW_3_Left_40,VPWR,li1,6.2100,19.0400,1.799990
PHY_EDGE_ROW_2_Left_39,VPWR,li1,6.2100,19.0400,1.799990
PHY_EDGE_ROW_1_Left_38,VPWR,li1,6.2100,13.6000,1.799989
PHY_EDGE_ROW_0_Left_37,VPWR,li1,6.2100,13.6000,1.799989
PHY_EDGE_ROW_36_Right_36,VPWR,li1,106.4900,111.5200,1.800000
PHY_EDGE_ROW_35_Right_35,VPWR,li1,106.4900,106.0800,1.799996
PHY_EDGE_ROW_34_Right_34,VPWR,li1,106.4900,106.0800,1.799996
PHY_EDGE_ROW_33_Right_33,VPWR,li1,106.4900,100.6400,1.799996
PHY_EDGE_ROW_32_Right_32,VPWR,li1,106.4900,100.6400,1.799996
PHY_EDGE_ROW_31_Right_31,VPWR,li1,106.4900,95.2000,1.799992
PHY_EDGE_ROW_30_Right_30,VPWR,li1,106.4900,95.2000,1.799992
PHY_EDGE_ROW_29_Right_29,VPWR,li1,106.4900,89.7600,1.799999
PHY_EDGE_ROW_28_Right_28,VPWR,li1,106.4900,89.7600,1.799999
PHY_EDGE_ROW_27_Right_27,VPWR,li1,106.4900,84.3200,1.799976
PHY_EDGE_ROW_26_Right_26,VPWR,li1,106.4900,84.3200,1.799976
PHY_EDGE_ROW_25_Right_25,VPWR,li1,106.4900,78.8800,1.799980
PHY_EDGE_ROW_24_Right_24,VPWR,li1,106.4900,78.8800,1.799980
PHY_EDGE_ROW_23_Right_23,VPWR,li1,106.4900,73.4400,1.799986
PHY_EDGE_ROW_22_Right_22,VPWR,li1,106.4900,73.4400,1.799986
PHY_EDGE_ROW_21_Right_21,VPWR,li1,106.4900,68.0000,1.799992
PHY_EDGE_ROW_20_Right_20,VPWR,li1,106.4900,68.0000,1.799992
PHY_EDGE_ROW_19_Right_19,VPWR,li1,106.4900,62.5600,1.799984
PHY_EDGE_ROW_18_Right_18,VPWR,li1,106.4900,62.5600,1.799984
PHY_EDGE_ROW_17_Right_17,VPWR,li1,106.4900,57.1200,1.799993
PHY_EDGE_ROW_16_Right_16,VPWR,li1,106.4900,57.1200,1.799993
PHY_EDGE_ROW_15_Right_15,VPWR,li1,106.4900,51.6800,1.799987
PHY_EDGE_ROW_14_Right_14,VPWR,li1,106.4900,51.6800,1.799987
PHY_EDGE_ROW_13_Right_13,VPWR,li1,106.4900,46.2400,1.799980
PHY_EDGE_ROW_12_Right_12,VPWR,li1,106.4900,46.2400,1.799980
PHY_EDGE_ROW_11_Right_11,VPWR,li1,106.4900,40.8000,1.799985
PHY_EDGE_ROW_10_Right_10,VPWR,li1,106.4900,40.8000,1.799985
PHY_EDGE_ROW_9_Right_9,VPWR,li1,106.4900,35.3600,1.799989
PHY_EDGE_ROW_8_Right_8,VPWR,li1,106.4900,35.3600,1.799989
PHY_EDGE_ROW_7_Right_7,VPWR,li1,106.4900,29.9200,1.799994
PHY_EDGE_ROW_6_Right_6,VPWR,li1,106.4900,29.9200,1.799994
PHY_EDGE_ROW_5_Right_5,VPWR,li1,106.4900,24.4800,1.799990
PHY_EDGE_ROW_4_Right_4,VPWR,li1,106.4900,24.4800,1.799990
PHY_EDGE_ROW_3_Right_3,VPWR,li1,106.4900,19.0400,1.799996
PHY_EDGE_ROW_2_Right_2,VPWR,li1,106.4900,19.0400,1.799996
PHY_EDGE_ROW_1_Right_1,VPWR,li1,106.4900,13.6000,1.799996
PHY_EDGE_ROW_0_Right_0,VPWR,li1,106.4900,13.6000,1.799996
_0921_,VPWR,li1,36.5700,111.5200,1.799995
_0920_,VPWR,li1,35.1900,106.0800,1.799984
_0919_,VPWR,li1,38.4100,78.8800,1.799963
_0918_,VPWR,li1,38.8700,73.4400,1.799983
_0917_,VPWR,li1,49.4500,73.4400,1.799974
_0916_,VPWR,li1,50.3700,78.8800,1.799969
_0915_,VPWR,li1,62.3300,73.4400,1.799967
_0914_,VPWR,li1,64.6300,78.8800,1.799974
_0913_,VPWR,li1,52.2100,84.3200,1.799950
_0912_,VPWR,li1,62.3300,95.2000,1.799992
_0911_,VPWR,li1,59.5700,100.6400,1.799987
_0910_,VPWR,li1,60.4900,106.0800,1.799984
_0909_,VPWR,li1,45.7700,106.0800,1.799984
_0908_,VPWR,li1,39.3300,100.6400,1.799992
_0907_,VPWR,li1,29.6700,100.6400,1.799989
_0906_,VPWR,li1,39.3300,89.7600,1.799989
_0905_,VPWR,li1,37.0300,84.3200,1.799955
_0904_,VPWR,li1,30.5900,84.3200,1.799950
_0903_,VPWR,li1,54.5100,68.0000,1.799979
_0902_,VPWR,li1,52.2100,62.5600,1.799940
_0901_,VPWR,li1,70.1500,62.5600,1.799958
_0900_,VPWR,li1,64.1700,68.0000,1.799981
_0899_,VPWR,li1,57.2700,24.4800,1.799983
_0898_,VPWR,li1,57.7300,19.0400,1.799985
_0897_,VPWR,li1,96.8300,35.3600,1.799987
_0896_,VPWR,li1,82.1100,62.5600,1.799963
_0895_,VPWR,li1,89.0100,13.6000,1.799990
_0894_,VPWR,li1,88.0900,40.8000,1.799964
_0893_,VPWR,li1,77.9700,35.3600,1.799982
_0892_,VPWR,li1,85.3300,35.3600,1.799981
_0891_,VPWR,li1,100.9700,29.9200,1.799994
_0890_,VPWR,li1,42.5500,40.8000,1.799975
_0889_,VPWR,li1,68.3100,51.6800,1.799978
_0888_,VPWR,li1,36.5700,35.3600,1.799966
_0887_,VPWR,li1,53.1300,29.9200,1.799986
_0886_,VPWR,li1,49.4500,13.6000,1.799985
_0885_,VPWR,li1,39.3300,40.8000,1.799977
_0884_,VPWR,li1,52.2100,40.8000,1.799973
_0883_,VPWR,li1,51.7500,51.6800,1.799975
_0882_,VPWR,li1,100.5100,46.2400,1.799980
_0881_,VPWR,li1,77.5100,57.1200,1.799983
_0880_,VPWR,li1,100.9700,73.4400,1.799986
_0879_,VPWR,li1,94.5300,73.4400,1.799980
_0878_,VPWR,li1,88.0900,68.0000,1.799981
_0877_,VPWR,li1,79.8100,68.0000,1.799978
_0876_,VPWR,li1,75.6700,68.0000,1.799980
_0875_,VPWR,li1,78.8900,78.8800,1.799968
_0874_,VPWR,li1,73.3700,78.8800,1.799975
_0873_,VPWR,li1,71.0700,89.7600,1.799995
_0872_,VPWR,li1,100.9700,84.3200,1.799976
_0871_,VPWR,li1,94.0700,78.8800,1.799961
_0870_,VPWR,li1,100.9700,95.2000,1.799992
_0869_,VPWR,li1,95.9100,95.2000,1.799990
_0868_,VPWR,li1,90.8500,100.6400,1.799990
_0867_,VPWR,li1,84.8700,106.0800,1.799987
_0866_,VPWR,li1,72.4500,106.0800,1.799988
_0865_,VPWR,li1,71.9900,100.6400,1.799992
_0864_,VPWR,li1,28.2900,24.4800,1.799985
_0863_,VPWR,li1,26.4500,19.0400,1.799980
_0862_,VPWR,li1,31.5100,35.3600,1.799956
_0861_,VPWR,li1,93.6100,24.4800,1.799984
_0860_,VPWR,li1,52.2100,24.4800,1.799983
_0859_,VPWR,li1,57.7300,51.6800,1.799974
_0858_,VPWR,li1,65.0900,57.1200,1.799987
_0857_,VPWR,li1,39.7900,13.6000,1.799988
_0856_,VPWR,li1,29.6700,19.0400,1.799981
_0855_,VPWR,li1,81.1900,46.2400,1.799955
_0854_,VPWR,li1,77.9700,57.1200,1.799983
_0853_,VPWR,li1,87.6300,24.4800,1.799981
_0852_,VPWR,li1,63.7100,29.9200,1.799985
_0851_,VPWR,li1,64.1700,40.8000,1.799977
_0850_,VPWR,li1,64.1700,29.9200,1.799985
_0849_,VPWR,li1,74.2900,46.2400,1.799954
_0848_,VPWR,li1,77.5100,24.4800,1.799983
_0847_,VPWR,li1,71.5300,19.0400,1.799990
_0846_,VPWR,li1,70.1500,13.6000,1.799992
_0845_,VPWR,li1,25.5300,106.0800,1.799981
_0844_,VPWR,li1,13.5700,106.0800,1.799985
_0843_,VPWR,li1,12.6500,106.0800,1.799985
_0842_,VPWR,li1,12.6500,95.2000,1.799992
_0841_,VPWR,li1,25.5300,89.7600,1.799983
_0840_,VPWR,li1,24.6100,95.2000,1.799989
_0839_,VPWR,li1,11.7300,89.7600,1.799990
_0838_,VPWR,li1,15.4100,84.3200,1.799967
_0837_,VPWR,li1,24.1500,78.8800,1.799946
_0836_,VPWR,li1,11.7300,78.8800,1.799970
_0835_,VPWR,li1,12.6500,73.4400,1.799988
_0834_,VPWR,li1,17.7100,68.0000,1.799984
_0833_,VPWR,li1,25.9900,73.4400,1.799982
_0832_,VPWR,li1,27.3700,68.0000,1.799980
_0831_,VPWR,li1,33.3500,68.0000,1.799982
_0830_,VPWR,li1,35.6500,57.1200,1.799984
_0829_,VPWR,li1,27.3700,46.2400,1.799974
_0828_,VPWR,li1,28.2900,57.1200,1.799981
_0827_,VPWR,li1,21.3900,57.1200,1.799981
_0826_,VPWR,li1,13.1100,57.1200,1.799987
_0825_,VPWR,li1,13.1100,51.6800,1.799991
_0824_,VPWR,li1,11.2700,62.5600,1.799991
_0823_,VPWR,li1,13.1100,40.8000,1.799971
_0822_,VPWR,li1,12.1900,35.3600,1.799978
_0821_,VPWR,li1,20.0100,29.9200,1.799990
_0820_,VPWR,li1,24.6100,35.3600,1.799952
_0819_,VPWR,li1,10.8100,24.4800,1.799991
_0818_,VPWR,li1,17.2500,19.0400,1.799983
_0817_,VPWR,li1,13.1100,13.6000,1.799985
_0816_,VPWR,li1,21.8500,13.6000,1.799981
_0815_,VPWR,li1,100.9700,62.5600,1.799984
_0814_,VPWR,li1,92.2300,57.1200,1.799986
_0813_,VPWR,li1,42.0900,51.6800,1.799985
_0812_,VPWR,li1,41.6300,62.5600,1.799974
_0811_,VPWR,li1,37.9500,51.6800,1.799984
_0810_,VPWR,li1,17.7100,106.0800,1.799983
_0809_,VPWR,li1,51.2900,106.0800,1.799984
_0808_,VPWR,li1,38.8700,68.0000,1.799986
_0807_,VPWR,li1,41.1700,68.0000,1.799987
_0806_,VPWR,li1,54.9700,73.4400,1.799970
_0805_,VPWR,li1,51.7500,84.3200,1.799950
_0804_,VPWR,li1,67.8500,73.4400,1.799971
_0803_,VPWR,li1,64.1700,84.3200,1.799951
_0802_,VPWR,li1,45.7700,84.3200,1.799953
_0801_,VPWR,li1,65.0900,95.2000,1.799993
_0800_,VPWR,li1,60.4900,106.0800,1.799984
_0799_,VPWR,li1,61.8700,100.6400,1.799988
_0798_,VPWR,li1,43.4700,111.5200,1.799997
_0797_,VPWR,li1,45.3100,100.6400,1.799990
_0796_,VPWR,li1,35.6500,95.2000,1.799993
_0795_,VPWR,li1,43.4700,89.7600,1.799992
_0794_,VPWR,li1,46.2300,84.3200,1.799953
_0793_,VPWR,li1,30.5900,73.4400,1.799982
_0792_,VPWR,li1,58.1900,68.0000,1.799980
_0791_,VPWR,li1,54.9700,73.4400,1.799970
_0790_,VPWR,li1,71.0700,68.0000,1.799984
_0789_,VPWR,li1,65.0900,68.0000,1.799981
_0788_,VPWR,li1,58.1900,19.0400,1.799985
_0787_,VPWR,li1,58.1900,13.6000,1.799988
_0786_,VPWR,li1,96.8300,40.8000,1.799981
_0785_,VPWR,li1,83.9500,62.5600,1.799965
_0784_,VPWR,li1,89.4700,13.6000,1.799991
_0783_,VPWR,li1,93.6100,40.8000,1.799973
_0782_,VPWR,li1,79.8100,35.3600,1.799982
_0781_,VPWR,li1,83.9500,29.9200,1.799993
_0780_,VPWR,li1,100.9700,24.4800,1.799990
_0779_,VPWR,li1,46.2300,40.8000,1.799974
_0778_,VPWR,li1,71.0700,51.6800,1.799981
_0777_,VPWR,li1,25.5300,40.8000,1.799962
_0776_,VPWR,li1,53.1300,35.3600,1.799971
_0775_,VPWR,li1,49.4500,13.6000,1.799985
_0774_,VPWR,li1,45.3100,46.2400,1.799969
_0773_,VPWR,li1,54.9700,46.2400,1.799958
_0772_,VPWR,li1,51.7500,57.1200,1.799989
_0771_,VPWR,li1,101.8900,46.2400,1.799980
_0770_,VPWR,li1,77.5100,51.6800,1.799975
_0769_,VPWR,li1,102.8100,68.0000,1.799992
_0768_,VPWR,li1,96.8300,78.8800,1.799968
_0767_,VPWR,li1,88.0900,62.5600,1.799971
_0766_,VPWR,li1,81.1900,62.5600,1.799963
_0765_,VPWR,li1,74.2900,68.0000,1.799982
_0764_,VPWR,li1,81.1900,68.0000,1.799978
_0763_,VPWR,li1,77.0500,84.3200,1.799958
_0762_,VPWR,li1,69.6900,95.2000,1.799995
_0761_,VPWR,li1,102.3500,84.3200,1.799976
_0760_,VPWR,li1,94.5300,84.3200,1.799960
_0759_,VPWR,li1,100.5100,89.7600,1.799999
_0758_,VPWR,li1,94.9900,100.6400,1.799993
_0757_,VPWR,li1,92.2300,106.0800,1.799991
_0756_,VPWR,li1,86.2500,106.0800,1.799988
_0755_,VPWR,li1,79.3500,106.0800,1.799988
_0754_,VPWR,li1,73.3700,106.0800,1.799988
_0753_,VPWR,li1,30.1300,24.4800,1.799986
_0752_,VPWR,li1,23.2300,19.0400,1.799981
_0751_,VPWR,li1,35.6500,29.9200,1.799993
_0750_,VPWR,li1,94.5300,29.9200,1.799994
_0749_,VPWR,li1,58.1900,29.9200,1.799985
_0748_,VPWR,li1,58.1900,46.2400,1.799956
_0747_,VPWR,li1,68.3100,51.6800,1.799978
_0746_,VPWR,li1,47.6100,13.6000,1.799986
_0745_,VPWR,li1,26.9100,13.6000,1.799982
_0744_,VPWR,li1,90.3900,46.2400,1.799963
_0743_,VPWR,li1,79.8100,62.5600,1.799962
_0742_,VPWR,li1,84.4100,19.0400,1.799992
_0741_,VPWR,li1,62.3300,24.4800,1.799985
_0740_,VPWR,li1,63.2500,51.6800,1.799975
_0739_,VPWR,li1,69.2300,29.9200,1.799991
_0738_,VPWR,li1,74.7500,46.2400,1.799954
_0737_,VPWR,li1,82.1100,19.0400,1.799991
_0736_,VPWR,li1,77.0500,19.0400,1.799990
_0735_,VPWR,li1,71.0700,19.0400,1.799991
_0734_,VPWR,li1,102.3500,57.1200,1.799993
_0733_,VPWR,li1,91.7700,62.5600,1.799973
_0732_,VPWR,li1,43.4700,51.6800,1.799983
_0731_,VPWR,li1,41.6300,68.0000,1.799987
_0730_,VPWR,li1,20.2400,106.0800,1.799983
_0729_,VPWR,li1,36.5700,106.0800,1.799984
_0728_,VPWR,li1,23.0000,100.6400,1.799991
_0727_,VPWR,li1,46.2300,111.5200,1.799997
_0726_,VPWR,li1,33.3500,106.0800,1.799983
_0725_,VPWR,li1,29.9000,106.0800,1.799982
_0724_,VPWR,li1,41.6300,106.0800,1.799986
_0723_,VPWR,li1,26.9100,106.0800,1.799981
_0722_,VPWR,li1,27.3700,111.5200,1.799996
_0721_,VPWR,li1,8.2800,106.0800,1.799988
_0720_,VPWR,li1,30.1300,95.2000,1.799991
_0719_,VPWR,li1,19.3200,100.6400,1.799993
_0718_,VPWR,li1,24.1500,111.5200,1.799997
_0717_,VPWR,li1,20.0100,100.6400,1.799992
_0716_,VPWR,li1,33.3500,95.2000,1.799992
_0715_,VPWR,li1,23.2300,106.0800,1.799982
_0714_,VPWR,li1,26.4500,89.7600,1.799983
_0713_,VPWR,li1,20.0100,95.2000,1.799990
_0712_,VPWR,li1,33.8100,95.2000,1.799992
_0711_,VPWR,li1,20.0100,84.3200,1.799957
_0710_,VPWR,li1,16.5600,84.3200,1.799962
_0709_,VPWR,li1,8.7400,84.3200,1.799978
_0708_,VPWR,li1,17.0200,89.7600,1.799985
_0707_,VPWR,li1,16.7900,95.2000,1.799991
_0706_,VPWR,li1,22.7700,100.6400,1.799991
_0705_,VPWR,li1,23.2300,89.7600,1.799983
_0704_,VPWR,li1,20.4700,78.8800,1.799948
_0703_,VPWR,li1,16.7900,78.8800,1.799951
_0702_,VPWR,li1,15.1800,73.4400,1.799987
_0701_,VPWR,li1,11.0400,68.0000,1.799991
_0700_,VPWR,li1,11.9600,73.4400,1.799991
_0699_,VPWR,li1,20.4700,68.0000,1.799983
_0698_,VPWR,li1,16.7900,62.5600,1.799987
_0697_,VPWR,li1,16.7900,62.5600,1.799987
_0696_,VPWR,li1,20.7000,73.4400,1.799984
_0695_,VPWR,li1,23.9200,68.0000,1.799982
_0694_,VPWR,li1,20.4700,73.4400,1.799984
_0693_,VPWR,li1,28.0600,73.4400,1.799982
_0692_,VPWR,li1,32.8900,73.4400,1.799982
_0691_,VPWR,li1,29.4400,62.5600,1.799980
_0690_,VPWR,li1,28.9800,62.5600,1.799980
_0689_,VPWR,li1,32.8900,68.0000,1.799981
_0688_,VPWR,li1,29.6700,57.1200,1.799982
_0687_,VPWR,li1,35.1900,62.5600,1.799978
_0686_,VPWR,li1,34.5000,46.2400,1.799971
_0685_,VPWR,li1,17.2500,40.8000,1.799962
_0684_,VPWR,li1,28.2900,46.2400,1.799974
_0683_,VPWR,li1,25.3000,46.2400,1.799976
_0682_,VPWR,li1,23.4600,51.6800,1.799988
_0681_,VPWR,li1,22.0800,46.2400,1.799979
_0680_,VPWR,li1,30.1300,51.6800,1.799987
_0679_,VPWR,li1,21.1600,46.2400,1.799982
_0678_,VPWR,li1,26.6800,40.8000,1.799962
_0677_,VPWR,li1,20.7000,57.1200,1.799981
_0676_,VPWR,li1,26.6800,57.1200,1.799981
_0675_,VPWR,li1,20.4700,62.5600,1.799985
_0674_,VPWR,li1,12.4200,51.6800,1.799991
_0673_,VPWR,li1,8.0500,57.1200,1.799990
_0672_,VPWR,li1,30.3600,51.6800,1.799987
_0671_,VPWR,li1,11.0400,46.2400,1.799992
_0670_,VPWR,li1,29.4400,40.8000,1.799964
_0669_,VPWR,li1,27.3700,51.6800,1.799987
_0668_,VPWR,li1,24.1500,51.6800,1.799988
_0667_,VPWR,li1,19.5500,51.6800,1.799990
_0666_,VPWR,li1,10.5800,29.9200,1.799995
_0665_,VPWR,li1,25.3000,29.9200,1.799991
_0664_,VPWR,li1,17.9400,35.3600,1.799962
_0663_,VPWR,li1,8.0500,40.8000,1.799978
_0662_,VPWR,li1,23.6900,40.8000,1.799960
_0661_,VPWR,li1,12.1900,35.3600,1.799978
_0660_,VPWR,li1,10.5800,29.9200,1.799995
_0659_,VPWR,li1,14.2600,29.9200,1.799993
_0658_,VPWR,li1,29.9000,35.3600,1.799956
_0657_,VPWR,li1,30.5900,29.9200,1.799991
_0656_,VPWR,li1,23.2300,40.8000,1.799960
_0655_,VPWR,li1,24.1500,24.4800,1.799986
_0654_,VPWR,li1,33.3500,13.6000,1.799985
_0653_,VPWR,li1,8.5100,19.0400,1.799990
_0652_,VPWR,li1,33.5800,29.9200,1.799992
_0651_,VPWR,li1,17.0200,24.4800,1.799988
_0650_,VPWR,li1,20.7000,24.4800,1.799987
_0649_,VPWR,li1,11.0400,13.6000,1.799989
_0648_,VPWR,li1,14.2600,19.0400,1.799986
_0647_,VPWR,li1,8.0500,13.6000,1.799989
_0646_,VPWR,li1,33.3500,13.6000,1.799985
_0645_,VPWR,li1,39.7900,13.6000,1.799988
_0644_,VPWR,li1,20.9300,13.6000,1.799981
_0643_,VPWR,li1,24.1500,13.6000,1.799982
_0642_,VPWR,li1,80.7300,40.8000,1.799971
_0641_,VPWR,li1,84.8700,57.1200,1.799984
_0640_,VPWR,li1,71.7600,57.1200,1.799989
_0639_,VPWR,li1,84.8700,89.7600,1.799997
_0638_,VPWR,li1,82.5700,95.2000,1.799993
_0637_,VPWR,li1,82.3400,84.3200,1.799956
_0636_,VPWR,li1,80.5000,89.7600,1.799997
_0635_,VPWR,li1,48.3000,100.6400,1.799990
_0634_,VPWR,li1,48.9900,95.2000,1.799994
_0633_,VPWR,li1,45.0800,95.2000,1.799995
_0632_,VPWR,li1,52.6700,13.6000,1.799986
_0631_,VPWR,li1,55.4300,13.6000,1.799987
_0630_,VPWR,li1,46.2300,24.4800,1.799987
_0629_,VPWR,li1,37.9500,78.8800,1.799963
_0628_,VPWR,li1,37.4900,73.4400,1.799983
_0627_,VPWR,li1,32.8900,73.4400,1.799982
_0626_,VPWR,li1,45.7700,73.4400,1.799980
_0625_,VPWR,li1,48.5300,68.0000,1.799982
_0624_,VPWR,li1,48.3000,89.7600,1.799993
_0623_,VPWR,li1,48.5300,78.8800,1.799970
_0622_,VPWR,li1,60.9500,73.4400,1.799967
_0621_,VPWR,li1,58.1900,84.3200,1.799950
_0620_,VPWR,li1,58.4200,73.4400,1.799969
_0619_,VPWR,li1,60.9500,78.8800,1.799973
_0618_,VPWR,li1,54.9700,89.7600,1.799994
_0617_,VPWR,li1,55.8900,78.8800,1.799971
_0616_,VPWR,li1,61.6400,89.7600,1.799994
_0615_,VPWR,li1,59.3400,89.7600,1.799994
_0614_,VPWR,li1,55.2000,95.2000,1.799993
_0613_,VPWR,li1,59.8000,95.2000,1.799992
_0612_,VPWR,li1,52.6700,106.0800,1.799984
_0611_,VPWR,li1,55.6600,100.6400,1.799988
_0610_,VPWR,li1,54.5100,106.0800,1.799984
_0609_,VPWR,li1,53.1300,100.6400,1.799989
_0608_,VPWR,li1,46.9200,106.0800,1.799984
_0607_,VPWR,li1,50.6000,100.6400,1.799989
_0606_,VPWR,li1,47.6100,100.6400,1.799990
_0605_,VPWR,li1,39.7900,95.2000,1.799994
_0604_,VPWR,li1,35.6500,100.6400,1.799991
_0603_,VPWR,li1,41.6300,89.7600,1.799992
_0602_,VPWR,li1,33.3500,78.8800,1.799951
_0601_,VPWR,li1,31.5100,89.7600,1.799986
_0600_,VPWR,li1,48.3000,68.0000,1.799982
_0599_,VPWR,li1,49.6800,62.5600,1.799946
_0598_,VPWR,li1,61.8700,62.5600,1.799916
_0597_,VPWR,li1,67.3900,62.5600,1.799948
_0596_,VPWR,li1,79.1200,40.8000,1.799974
_0595_,VPWR,li1,75.9000,40.8000,1.799977
_0594_,VPWR,li1,88.3200,19.0400,1.799993
_0593_,VPWR,li1,92.4600,40.8000,1.799973
_0592_,VPWR,li1,88.0900,29.9200,1.799993
_0591_,VPWR,li1,97.5200,35.3600,1.799987
_0590_,VPWR,li1,81.1900,29.9200,1.799992
_0589_,VPWR,li1,47.6100,19.0400,1.799987
_0588_,VPWR,li1,38.4100,29.9200,1.799993
_0587_,VPWR,li1,42.0900,46.2400,1.799972
_0586_,VPWR,li1,32.8900,24.4800,1.799987
_0585_,VPWR,li1,38.4100,29.9200,1.799993
_0584_,VPWR,li1,35.6500,24.4800,1.799988
_0583_,VPWR,li1,58.6500,51.6800,1.799974
_0582_,VPWR,li1,61.6400,46.2400,1.799952
_0581_,VPWR,li1,53.1300,40.8000,1.799973
_0580_,VPWR,li1,50.8300,46.2400,1.799962
_0579_,VPWR,li1,32.8900,40.8000,1.799968
_0578_,VPWR,li1,92.4600,62.5600,1.799975
_0577_,VPWR,li1,98.9000,57.1200,1.799991
_0576_,VPWR,li1,42.5500,62.5600,1.799968
_0575_,VPWR,li1,40.2500,57.1200,1.799990
_0574_,VPWR,li1,46.2300,51.6800,1.799980
_0573_,VPWR,li1,50.3700,29.9200,1.799987
_0572_,VPWR,li1,38.6400,46.2400,1.799972
_0571_,VPWR,li1,25.9900,35.3600,1.799952
_0570_,VPWR,li1,31.0500,46.2400,1.799972
_0569_,VPWR,li1,67.8500,40.8000,1.799981
_0568_,VPWR,li1,58.6500,46.2400,1.799956
_0567_,VPWR,li1,66.9300,13.6000,1.799991
_0566_,VPWR,li1,76.5900,24.4800,1.799983
_0565_,VPWR,li1,71.9900,40.8000,1.799981
_0564_,VPWR,li1,75.2100,35.3600,1.799983
_0563_,VPWR,li1,61.1800,35.3600,1.799979
_0562_,VPWR,li1,60.7200,40.8000,1.799975
_0561_,VPWR,li1,61.4100,46.2400,1.799952
_0560_,VPWR,li1,64.1700,40.8000,1.799977
_0559_,VPWR,li1,49.2200,40.8000,1.799973
_0558_,VPWR,li1,42.0900,35.3600,1.799967
_0557_,VPWR,li1,47.8400,35.3600,1.799966
_0556_,VPWR,li1,64.6300,35.3600,1.799981
_0555_,VPWR,li1,71.5300,29.9200,1.799992
_0554_,VPWR,li1,71.9900,40.8000,1.799981
_0553_,VPWR,li1,66.9300,19.0400,1.799989
_0552_,VPWR,li1,60.4900,19.0400,1.799987
_0551_,VPWR,li1,67.3900,24.4800,1.799988
_0550_,VPWR,li1,63.7100,13.6000,1.799990
_0549_,VPWR,li1,64.6300,24.4800,1.799986
_0548_,VPWR,li1,72.4500,35.3600,1.799985
_0547_,VPWR,li1,76.1300,29.9200,1.799992
_0546_,VPWR,li1,71.0700,29.9200,1.799992
_0545_,VPWR,li1,70.6100,35.3600,1.799987
_0544_,VPWR,li1,68.3100,35.3600,1.799984
_0543_,VPWR,li1,63.7100,46.2400,1.799950
_0542_,VPWR,li1,83.4900,40.8000,1.799969
_0541_,VPWR,li1,92.2300,35.3600,1.799984
_0540_,VPWR,li1,88.7800,35.3600,1.799983
_0539_,VPWR,li1,86.9400,19.0400,1.799992
_0538_,VPWR,li1,80.2700,19.0400,1.799991
_0537_,VPWR,li1,93.6100,24.4800,1.799984
_0536_,VPWR,li1,84.4100,24.4800,1.799982
_0535_,VPWR,li1,80.9600,51.6800,1.799973
_0534_,VPWR,li1,80.7300,46.2400,1.799955
_0533_,VPWR,li1,81.1900,51.6800,1.799972
_0532_,VPWR,li1,42.5500,13.6000,1.799987
_0531_,VPWR,li1,36.5700,13.6000,1.799986
_0530_,VPWR,li1,36.1100,19.0400,1.799987
_0529_,VPWR,li1,45.7700,13.6000,1.799987
_0528_,VPWR,li1,38.8700,19.0400,1.799989
_0527_,VPWR,li1,39.3300,19.0400,1.799989
_0526_,VPWR,li1,47.6100,19.0400,1.799987
_0525_,VPWR,li1,42.3200,19.0400,1.799989
_0524_,VPWR,li1,51.0600,19.0400,1.799986
_0523_,VPWR,li1,60.9500,13.6000,1.799989
_0522_,VPWR,li1,60.4900,13.6000,1.799989
_0521_,VPWR,li1,63.0200,57.1200,1.799987
_0520_,VPWR,li1,58.4200,57.1200,1.799988
_0519_,VPWR,li1,49.4500,24.4800,1.799985
_0518_,VPWR,li1,46.9200,29.9200,1.799989
_0517_,VPWR,li1,90.8500,29.9200,1.799993
_0516_,VPWR,li1,91.0800,29.9200,1.799993
_0515_,VPWR,li1,88.0900,24.4800,1.799982
_0514_,VPWR,li1,92.0000,19.0400,1.799994
_0513_,VPWR,li1,91.7700,13.6000,1.799992
_0512_,VPWR,li1,28.9800,29.9200,1.799991
_0511_,VPWR,li1,42.0900,29.9200,1.799993
_0510_,VPWR,li1,27.1400,29.9200,1.799991
_0509_,VPWR,li1,27.6000,24.4800,1.799985
_0508_,VPWR,li1,42.5500,24.4800,1.799989
_0507_,VPWR,li1,39.3300,24.4800,1.799989
_0506_,VPWR,li1,41.1700,29.9200,1.799993
_0505_,VPWR,li1,37.9500,24.4800,1.799989
_0504_,VPWR,li1,68.5400,100.6400,1.799991
_0503_,VPWR,li1,68.7700,106.0800,1.799989
_0502_,VPWR,li1,71.5300,106.0800,1.799990
_0501_,VPWR,li1,71.9900,100.6400,1.799992
_0500_,VPWR,li1,81.4200,100.6400,1.799991
_0499_,VPWR,li1,84.4100,106.0800,1.799987
_0498_,VPWR,li1,83.9500,100.6400,1.799991
_0497_,VPWR,li1,84.6400,100.6400,1.799991
_0496_,VPWR,li1,81.6500,106.0800,1.799987
_0495_,VPWR,li1,89.9300,95.2000,1.799991
_0494_,VPWR,li1,92.6900,100.6400,1.799991
_0493_,VPWR,li1,90.3900,89.7600,1.799998
_0492_,VPWR,li1,91.7700,84.3200,1.799953
_0491_,VPWR,li1,96.3700,89.7600,1.799999
_0490_,VPWR,li1,78.8900,106.0800,1.799988
_0489_,VPWR,li1,80.5000,100.6400,1.799991
_0488_,VPWR,li1,66.0100,100.6400,1.799989
_0487_,VPWR,li1,97.5200,89.7600,1.799999
_0486_,VPWR,li1,89.0100,89.7600,1.799998
_0485_,VPWR,li1,90.6200,95.2000,1.799991
_0484_,VPWR,li1,87.4000,95.2000,1.799992
_0483_,VPWR,li1,74.5200,95.2000,1.799994
_0482_,VPWR,li1,68.7700,95.2000,1.799994
_0481_,VPWR,li1,68.3100,89.7600,1.799995
_0480_,VPWR,li1,72.2200,84.3200,1.799962
_0479_,VPWR,li1,78.8900,84.3200,1.799957
_0478_,VPWR,li1,86.4800,78.8800,1.799965
_0477_,VPWR,li1,88.5500,78.8800,1.799963
_0476_,VPWR,li1,82.1100,89.7600,1.799997
_0475_,VPWR,li1,81.1900,84.3200,1.799956
_0474_,VPWR,li1,80.9600,78.8800,1.799967
_0473_,VPWR,li1,75.2100,84.3200,1.799960
_0472_,VPWR,li1,72.4500,78.8800,1.799975
_0471_,VPWR,li1,73.3700,73.4400,1.799976
_0470_,VPWR,li1,79.3500,73.4400,1.799975
_0469_,VPWR,li1,88.5500,68.0000,1.799981
_0468_,VPWR,li1,85.3300,78.8800,1.799965
_0467_,VPWR,li1,86.4800,84.3200,1.799953
_0466_,VPWR,li1,90.8500,68.0000,1.799983
_0465_,VPWR,li1,92.6900,73.4400,1.799979
_0464_,VPWR,li1,94.0700,68.0000,1.799986
_0463_,VPWR,li1,86.0200,68.0000,1.799980
_0462_,VPWR,li1,70.3800,73.4400,1.799977
_0461_,VPWR,li1,72.6800,84.3200,1.799962
_0460_,VPWR,li1,71.7600,95.2000,1.799994
_0459_,VPWR,li1,63.2500,95.2000,1.799992
_0458_,VPWR,li1,53.1300,100.6400,1.799989
_0457_,VPWR,li1,62.7900,89.7600,1.799994
_0456_,VPWR,li1,72.6800,89.7600,1.799996
_0455_,VPWR,li1,50.3700,89.7600,1.799993
_0454_,VPWR,li1,53.1300,78.8800,1.799970
_0453_,VPWR,li1,60.0300,84.3200,1.799950
_0452_,VPWR,li1,49.6800,95.2000,1.799994
_0451_,VPWR,li1,46.2300,95.2000,1.799995
_0450_,VPWR,li1,38.1800,89.7600,1.799989
_0449_,VPWR,li1,39.5600,106.0800,1.799988
_0448_,VPWR,li1,41.4000,95.2000,1.799995
_0447_,VPWR,li1,85.1000,89.7600,1.799997
_0446_,VPWR,li1,79.1200,89.7600,1.799996
_0445_,VPWR,li1,86.4800,95.2000,1.799992
_0444_,VPWR,li1,79.3500,95.2000,1.799993
_0443_,VPWR,li1,90.8500,51.6800,1.799971
_0442_,VPWR,li1,97.7500,57.1200,1.799991
_0441_,VPWR,li1,94.7600,51.6800,1.799977
_0440_,VPWR,li1,98.6700,51.6800,1.799984
_0439_,VPWR,li1,93.6100,57.1200,1.799986
_0438_,VPWR,li1,94.5300,51.6800,1.799977
_0437_,VPWR,li1,93.6100,46.2400,1.799967
_0436_,VPWR,li1,92.9200,46.2400,1.799967
_0435_,VPWR,li1,98.9000,40.8000,1.799985
_0434_,VPWR,li1,99.5900,29.9200,1.799994
_0433_,VPWR,li1,89.9300,57.1200,1.799986
_0432_,VPWR,li1,84.6400,51.6800,1.799971
_0431_,VPWR,li1,47.8400,57.1200,1.799989
_0430_,VPWR,li1,45.5400,68.0000,1.799985
_0429_,VPWR,li1,46.4600,62.5600,1.799956
_0428_,VPWR,li1,44.3900,57.1200,1.799990
_0427_,VPWR,li1,47.3800,57.1200,1.799989
_0426_,VPWR,li1,42.7800,57.1200,1.799990
_0425_,VPWR,li1,50.6000,46.2400,1.799962
_0424_,VPWR,li1,48.0700,46.2400,1.799965
_0423_,VPWR,li1,45.7700,68.0000,1.799985
_0422_,VPWR,li1,55.4300,57.1200,1.799988
_0421_,VPWR,li1,59.1100,62.5600,1.799921
_0420_,VPWR,li1,59.5700,57.1200,1.799988
_0419_,VPWR,li1,71.5300,62.5600,1.799959
_0418_,VPWR,li1,25.9900,100.6400,1.799990
_0417_,VPWR,li1,26.9100,84.3200,1.799949
_0416_,VPWR,li1,45.3100,57.1200,1.799990
_0415_,VPWR,li1,51.2900,57.1200,1.799989
_0414_,VPWR,li1,53.1300,57.1200,1.799989
_0413_,VPWR,li1,66.0100,57.1200,1.799987
_0412_,VPWR,li1,39.3300,35.3600,1.799971
_0411_,VPWR,li1,83.9500,51.6800,1.799971
_0410_,VPWR,li1,79.3500,29.9200,1.799992
_0409_,VPWR,li1,46.6900,24.4800,1.799987
_0408_,VPWR,li1,30.5900,40.8000,1.799966
_0407_,VPWR,li1,32.4300,51.6800,1.799986
_0406_,VPWR,li1,8.0500,95.2000,1.799993
_0405_,VPWR,li1,43.0100,29.9200,1.799992
_0404_,VPWR,li1,87.1700,57.1200,1.799985
