net,length_um
clknet_0_clk,256.48µm
net63,169.78µm
net57,126.74µm
net51,124.65µm
_0316_,108.11µm
net62,104.295µm
net43,104.22µm
_0038_,101.87µm
net55,101.54µm
u_axi_decoder.wr_state\[0\],96.88µm
clk,94.09µm
net45,89.75µm
_0361_,88.84µm
net35,80.18µm
net59,77.58µm
net50,77.13µm
clknet_4_12_0_clk,76.6µm
net49,73.2µm
m_axi_rready,70.73µm
m_axi_bready,70.68µm
clknet_4_13_0_clk,70.48µm
_0282_,69.62µm
net61,68.12µm
clknet_4_8_0_clk,66.4µm
net53,66.32µm
clknet_4_9_0_clk,66.08µm
clknet_4_2_0_clk,65.98µm
clknet_4_15_0_clk,65.9µm
u_vga_controller.raw_vsync,64.82µm
clknet_4_11_0_clk,64.34µm
net31,64.24µm
net25,59.48µm
u_vga_controller.H_count\[6\],57.8µm
clknet_4_7_0_clk,57.46µm
clknet_4_3_0_clk,57.18µm
net42,56.94µm
clknet_4_10_0_clk,56.6µm
clknet_4_1_0_clk,56.375µm
net24,55.84µm
clknet_4_14_0_clk,55.5µm
clknet_4_0_0_clk,51.62µm
_0352_,51.56µm
clknet_4_5_0_clk,50.05µm
_0365_,49.76µm
net21,49.58µm
net12,49.08µm
_0295_,48.97µm
net6,48.45µm
clknet_4_4_0_clk,48.22µm
m_axi_arready,47.94µm
_0318_,47.425µm
net4,47.29µm
net5,46.82µm
u_vga_controller.V_count\[0\],46.2µm
net46,45.78µm
clknet_4_6_0_clk,45.38µm
_0390_,45.18µm
net41,44.81µm
_0396_,44.78µm
_0315_,44.53µm
_0254_,44.04µm
_0385_,43.84µm
u_vga_controller.V_count\[5\],43.82µm
net28,43.1µm
u_vga_controller.V_count\[3\],42.655µm
_0351_,42.32µm
net32,42.1µm
net54,41.76µm
u_vga_controller.V_count\[7\],41.44µm
net47,41.08µm
u_vga_controller.V_count\[6\],41µm
u_axi_bridge.state\[1\],40.5µm
net8,40.06µm
_0305_,39.99µm
u_axi_decoder.rd_state\[4\],39.16µm
_0215_,39.12µm
net10,38.38µm
_0210_,37.88µm
u_vga_controller.V_count\[9\],37.855µm
_0389_,37.76µm
net22,37.54µm
net13,37.34µm
u_vga_controller.V_count\[11\],37.02µm
net38,36.8µm
s0_axi_bvalid,35.9µm
net15,35.88µm
net151,35.865µm
_0347_,35.68µm
u_vga_controller.H_count\[7\],35.68µm
net14,35.58µm
u_axi_decoder.wr_state\[3\],35.42µm
_0350_,35.04µm
u_axi_decoder.wr_state\[2\],34.86µm
net48,34.38µm
_0397_,34.37µm
net150,33.585µm
net152,33.505µm
_0123_,33.245µm
u_vga_controller.V_count\[10\],33.22µm
_0290_,33.185µm
u_vga_controller.V_count\[1\],33.08µm
net58,33.06µm
net19,32.94µm
_0148_,32.825µm
net18,32.56µm
net26,32.14µm
_0335_,31.92µm
_0314_,31.42µm
_0209_,31.34µm
net11,31.34µm
net9,31.32µm
_0328_,31.06µm
net16,31µm
u_vga_controller.V_count\[8\],30.98µm
_0323_,30.96µm
s0_axi_rvalid,30.96µm
u_axi_decoder.wr_state\[4\],30.82µm
_0337_,30.74µm
net149,30.725µm
_0353_,30.5µm
net44,30.48µm
_0356_,30.42µm
u_axi_decoder.s1_awvalid_reg,30.36µm
u_axi_decoder.rd_state\[1\],30.2µm
net148,30.105µm
_0243_,30.04µm
_0381_,30.04µm
u_vga_controller.V_count\[14\],29.48µm
_0228_,29.42µm
u_vga_controller.V_count\[4\],28.72µm
u_vga_registers.rd_state\[3\],28.68µm
_0234_,28.66µm
_0192_,28.6µm
_0256_,28.38µm
u_axi_decoder.unmapped_rvalid_reg,28.18µm
_0292_,27.9µm
_0364_,27.9µm
m_axi_wvalid,27.9µm
u_axi_bridge.state\[2\],27.74µm
net52,27.7µm
u_axi_decoder.s1_wvalid_reg,27.68µm
_0348_,27.66µm
u_vga_controller.H_count\[14\],27.48µm
net20,27.44µm
u_vga_controller.V_count\[2\],27.4µm
u_axi_bridge.state\[0\],27.37µm
u_vga_controller.V_count\[15\],27.36µm
net233,27.3µm
_0333_,27.17µm
net33,27.115µm
u_axi_decoder.s0_awvalid_reg,26.94µm
net29,26.825µm
u_vga_controller.H_count\[1\],26.7µm
_0273_,26.3µm
u_axi_decoder.unmapped_bvalid_reg,26.22µm
net39,26.18µm
u_vga_controller.H_count\[11\],26.16µm
u_vga_controller.H_count\[8\],25.98µm
_0231_,25.88µm
_0204_,25.72µm
net40,25.64µm
_0237_,25.54µm
u_vga_controller.H_count\[3\],25.52µm
u_vga_controller.H_count\[0\],25.39µm
_0143_,25.36µm
_0360_,25.3µm
_0276_,25.1µm
_0217_,24.94µm
_0198_,24.88µm
_0391_,24.78µm
_0340_,24.74µm
_0319_,24.715µm
u_vga_controller.H_count\[5\],24.62µm
m_axi_awvalid,24.605µm
net27,24.36µm
pcRegister[6],24.19µm
u_vga_controller.H_count\[12\],23.9µm
net60,23.8µm
_0246_,23.78µm
_0271_,23.72µm
_0214_,23.7µm
u_vga_registers.wr_state\[0\],23.6µm
u_axi_decoder.wr_target_owner\[2\],23.44µm
_0118_,23.29µm
_0378_,23.16µm
_0206_,22.82µm
_0302_,22.44µm
_0141_,22.325µm
s1_axi_wready,22.26µm
_0235_,22.16µm
net211,21.96µm
net154,21.905µm
_0218_,21.84µm
pcRegister[11],21.81µm
u_vga_controller.H_count\[4\],21.8µm
s1_axi_rvalid,21.76µm
net159,21.74µm
_0236_,21.7µm
_0229_,21.65µm
net7,21.62µm
_0370_,21.5µm
Hsync,21.325µm
_0245_,21.3µm
_0280_,21.14µm
pcRegister[7],21.13µm
_0395_,21.1µm
u_data_memory.aw_latched,20.8µm
_0403_,20.66µm
u_vga_controller.H_count\[10\],20.6µm
pcRegister[24],20.45µm
pcRegister[25],20.45µm
_0299_,20.3µm
net88,20.23µm
pcRegister[31],20.15µm
net87,20.07µm
_0190_,20.06µm
u_axi_decoder.rd_target_owner\[2\],20µm
pcRegister[28],19.99µm
_0363_,19.94µm
_0358_,19.88µm
_0133_,19.825µm
s1_axi_awready,19.82µm
pcRegister[4],19.81µm
u_vga_controller.H_count\[13\],19.78µm
pcRegister[5],19.71µm
_0128_,19.705µm
_0296_,19.66µm
net90,19.65µm
pcRegister[27],19.65µm
pcRegister[2],19.49µm
_0313_,19.42µm
m_axi_arvalid,19.38µm
_0220_,19.36µm
_0284_,19.28µm
_0252_,19.22µm
_0117_,19.19µm
net23,19.14µm
_0306_,18.98µm
u_axi_decoder.rd_state\[3\],18.94µm
_0320_,18.9µm
_0373_,18.86µm
_0400_,18.76µm
net160,18.5µm
_0357_,18.32µm
net3,18.28µm
_0388_,18.02µm
_0281_,17.86µm
_0201_,17.82µm
net36,17.82µm
u_axi_decoder.s0_wvalid_reg,17.64µm
_0355_,17.56µm
_0242_,17.53µm
net153,17.465µm
net85,17.29µm
_0200_,17.16µm
u_vga_controller.raw_hsync,17.16µm
_0258_,17.14µm
_0219_,17.06µm
_0384_,17.02µm
net91,16.95µm
pcRegister[8],16.93µm
_0185_,16.76µm
net89,16.67µm
net131,16.67µm
_0241_,16.6µm
u_vga_controller.V_count\[13\],16.3µm
_0199_,16.17µm
_0147_,16.125µm
pcRegister[14],16.03µm
Vsync,15.925µm
_0160_,15.92µm
_0375_,15.9µm
net221,15.76µm
net37,15.68µm
net167,15.68µm
net133,15.67µm
_0310_,15.66µm
u_axi_decoder.rd_target_owner\[1\],15.62µm
net78,15.535µm
_0304_,15.42µm
_0286_,15.4µm
_0371_,15.4µm
net83,15.39µm
net56,15.14µm
net112,15.13µm
pcRegister[21],15.01µm
pcRegister[23],15.01µm
net136,14.99µm
pcRegister[12],14.89µm
u_axi_decoder.rd_state\[2\],14.885µm
_0230_,14.88µm
_0374_,14.76µm
u_vga_controller.H_count\[2\],14.72µm
net82,14.71µm
net135,14.63µm
_0274_,14.6µm
_0270_,14.56µm
net17,14.38µm
_0394_,14.34µm
u_vga_controller.V_count\[12\],14.34µm
pcRegister[3],14.21µm
_0126_,14.1µm
net164,14.02µm
_0332_,13.96µm
net137,13.95µm
net144,13.95µm
_0359_,13.64µm
net155,13.625µm
u_data_memory.w_latched,13.28µm
net140,13.27µm
pcRegister[22],13.25µm
_0211_,13.22µm
pcRegister[10],13.17µm
net2,13.16µm
net171,13.04µm
_0392_,13µm
net147,12.97µm
_0272_,12.88µm
net72,12.865µm
_0146_,12.86µm
net79,12.795µm
net86,12.67µm
net102,12.63µm
u_axi_decoder.s0_arvalid_reg,12.62µm
net169,12.62µm
net142,12.59µm
_0354_,12.58µm
net64,12.495µm
net65,12.495µm
net66,12.495µm
net67,12.495µm
net68,12.495µm
net69,12.495µm
net70,12.495µm
net73,12.495µm
net74,12.495µm
net75,12.495µm
net76,12.495µm
net77,12.495µm
net,12.495µm
u_axi_decoder.wr_target_owner\[1\],12.46µm
_0191_,12.44µm
pcRegister[9],12.43µm
_0183_,12.32µm
pcRegister[20],12.29µm
net130,12.27µm
_0301_,12.1µm
_0127_,12.085µm
s1_axi_bvalid,12.08µm
net106,11.95µm
net139,11.95µm
net71,11.94µm
net129,11.91µm
u_axi_decoder.w_latched,11.84µm
_0401_,11.82µm
_0294_,11.78µm
net206,11.78µm
_0303_,11.7µm
net81,11.63µm
net96,11.61µm
cpu_stall,11.6µm
u_vga_controller.H_count\[15\],11.58µm
_0387_,11.56µm
_0002_,11.54µm
_0216_,11.505µm
_0393_,11.5µm
_0267_,11.48µm
_0153_,11.42µm
net104,11.29µm
net84,11.29µm
net115,11.29µm
_0194_,11.28µm
net92,11.27µm
net113,11.27µm
net80,11.25µm
_0326_,11.24µm
net224,11.24µm
net118,11.23µm
net146,11.21µm
_0001_,11.18µm
net105,11.17µm
_0324_,11.16µm
net239,11.12µm
_0240_,10.92µm
net143,10.91µm
_0239_,10.9µm
_0311_,10.89µm
_0307_,10.86µm
net156,10.86µm
net196,10.78µm
u_axi_decoder.s1_arvalid_reg,10.72µm
_0167_,10.7µm
net1,10.7µm
_0189_,10.66µm
_0383_,10.66µm
net30,10.66µm
net132,10.59µm
net116,10.59µm
net119,10.57µm
net107,10.55µm
net120,10.55µm
pcRegister[16],10.53µm
pcRegister[29],10.53µm
pcRegister[30],10.53µm
_0263_,10.5µm
pcRegister[26],10.49µm
_0244_,10.4µm
_0196_,10.36µm
_0251_,10.36µm
_0369_,10.28µm
_0222_,10.26µm
pcRegister[15],10.25µm
_0279_,10.24µm
_0207_,10.235µm
_0339_,10.14µm
u_vga_registers.aw_latched,10.12µm
net117,10.11µm
u_vga_registers.rd_state\[0\],9.98µm
u_vga_registers.wr_state\[1\],9.92µm
net138,9.91µm
_0202_,9.9µm
net141,9.89µm
net145,9.89µm
net127,9.87µm
_0232_,9.82µm
_0248_,9.8µm
_0257_,9.58µm
_0262_,9.58µm
_0085_,9.57µm
pcRegister[19],9.57µm
_0054_,9.55µm
net95,9.55µm
net103,9.55µm
net124,9.55µm
net128,9.55µm
_0158_,9.48µm
net34,9.48µm
_0145_,9.405µm
_0349_,9.36µm
_0225_,9.3µm
net123,9.19µm
net208,9.17µm
_0000_,9.04µm
_0366_,9.02µm
_0368_,9.02µm
_0052_,8.94µm
_0317_,8.9µm
_0110_,8.85µm
_0344_,8.84µm
_0027_,8.82µm
_0399_,8.66µm
_0142_,8.6µm
_0050_,8.58µm
_0221_,8.54µm
net93,8.53µm
net98,8.53µm
net100,8.53µm
net108,8.53µm
net110,8.53µm
net114,8.53µm
net126,8.53µm
net122,8.53µm
net99,8.51µm
net111,8.51µm
net125,8.51µm
net121,8.51µm
_0283_,8.44µm
_0082_,8.37µm
_0138_,8.325µm
_0108_,8.28µm
_0163_,8.2µm
_0176_,8.2µm
_0266_,8.16µm
net168,8.14µm
_0091_,8.09µm
net134,8.07µm
net216,8.02µm
_0175_,7.98µm
_0309_,7.98µm
net174,7.94µm
_0130_,7.905µm
net161,7.86µm
net231,7.84µm
net97,7.83µm
net101,7.83µm
net109,7.83µm
reset,7.83µm
_0026_,7.78µm
_0287_,7.74µm
_0227_,7.7µm
_0291_,7.66µm
_0099_,7.6µm
_0045_,7.55µm
_0019_,7.54µm
pcRegister[13],7.53µm
pcRegister[17],7.53µm
pcRegister[18],7.53µm
_0377_,7.52µm
net228,7.52µm
_0009_,7.5µm
_0334_,7.48µm
s1_axi_arready,7.44µm
_0134_,7.405µm
_0144_,7.345µm
_0132_,7.265µm
_0048_,7.26µm
_0057_,7.23µm
_0253_,7.22µm
net232,7.22µm
_0140_,7.205µm
_0197_,7.18µm
_0250_,7.18µm
net219,7.18µm
net94,7.15µm
_0072_,7.14µm
_0033_,7.1µm
_0288_,7µm
_0115_,6.94µm
u_axi_decoder.wr_state\[1\],6.92µm
net200,6.9µm
_0036_,6.86µm
u_vga_controller.H_count\[9\],6.86µm
net229,6.82µm
_0101_,6.8µm
_0116_,6.8µm
_0213_,6.795µm
_0376_,6.76µm
_0156_,6.72µm
net201,6.72µm
_0208_,6.7µm
_0297_,6.66µm
_0129_,6.645µm
_0322_,6.64µm
_0312_,6.48µm
_0331_,6.48µm
net177,6.48µm
_0063_,6.45µm
u_axi_decoder.aw_latched,6.4µm
_0067_,6.38µm
_0102_,6.37µm
_0269_,6.36µm
net237,6.32µm
_0174_,6.3µm
net176,6.3µm
_0081_,6.24µm
_0013_,6.18µm
net158,6.18µm
net223,6.18µm
_0268_,6.14µm
_0113_,6.02µm
_0275_,6.02µm
_0131_,5.985µm
_0224_,5.96µm
_0051_,5.92µm
_0265_,5.92µm
net207,5.86µm
_0178_,5.82µm
net173,5.8µm
net234,5.8µm
_0010_,5.68µm
_0336_,5.68µm
net230,5.68µm
net183,5.6µm
_0137_,5.48µm
_0011_,5.46µm
_0059_,5.39µm
_0070_,5.39µm
_0007_,5.34µm
_0031_,5.34µm
_0277_,5.34µm
net225,5.26µm
_0168_,5.24µm
_0238_,5.22µm
_0249_,5.22µm
_0255_,5.22µm
_0367_,5.22µm
_0029_,5.14µm
_0195_,5.14µm
_0075_,5.1µm
_0084_,5.1µm
_0111_,5.1µm
_0293_,5.075µm
_0044_,5.07µm
_0379_,5.06µm
_0003_,5µm
_0034_,5µm
_0171_,5µm
net190,4.925µm
_0161_,4.92µm
net235,4.92µm
_0090_,4.9µm
_0193_,4.88µm
_0308_,4.88µm
_0180_,4.8µm
_0223_,4.8µm
_0300_,4.8µm
_0402_,4.78µm
_0181_,4.76µm
_0330_,4.76µm
_0047_,4.73µm
_0021_,4.68µm
_0060_,4.61µm
net172,4.6µm
net204,4.6µm
_0089_,4.54µm
u_vga_registers.w_latched,4.54µm
_0104_,4.51µm
_0341_,4.48µm
_0055_,4.47µm
_0016_,4.46µm
net182,4.46µm
_0179_,4.42µm
net218,4.42µm
net197,4.36µm
_0020_,4.34µm
_0182_,4.34µm
_0086_,4.22µm
_0186_,4.14µm
net184,4.14µm
_0041_,4.08µm
_0080_,4.08µm
net166,4.08µm
_0071_,4.05µm
_0362_,4µm
net165,4µm
net180,4µm
net213,4µm
_0386_,3.9µm
_0261_,3.88µm
net220,3.88µm
_0069_,3.86µm
_0092_,3.76µm
_0170_,3.76µm
_0226_,3.74µm
_0103_,3.69µm
_0203_,3.68µm
net185,3.68µm
_0106_,3.66µm
_0169_,3.64µm
_0329_,3.64µm
_0121_,3.56µm
net214,3.56µm
_0014_,3.54µm
_0264_,3.54µm
_0338_,3.54µm
net179,3.54µm
_0023_,3.52µm
_0398_,3.52µm
_0325_,3.44µm
_0212_,3.42µm
_0259_,3.42µm
_0346_,3.32µm
_0164_,3.3µm
_0087_,3.23µm
_0093_,3.23µm
_0100_,3.23µm
_0119_,3.2µm
net162,3.2µm
net202,3.2µm
_0166_,3.18µm
_0187_,3.18µm
_0105_,3.15µm
net210,3.1µm
_0152_,3.08µm
_0285_,3.08µm
_0097_,3.06µm
_0096_,2.96µm
_0382_,2.96µm
_0159_,2.925µm
_0120_,2.885µm
_0018_,2.84µm
_0040_,2.84µm
_0064_,2.84µm
_0073_,2.84µm
_0079_,2.84µm
_0380_,2.84µm
net178,2.76µm
net215,2.76µm
net222,2.76µm
_0005_,2.74µm
_0157_,2.74µm
_0298_,2.74µm
_0015_,2.72µm
_0112_,2.69µm
_0114_,2.69µm
_0035_,2.62µm
_0150_,2.62µm
_0155_,2.62µm
_0345_,2.62µm
net175,2.62µm
net238,2.62µm
_0109_,2.5µm
_0289_,2.5µm
net198,2.5µm
_0024_,2.38µm
_0046_,2.38µm
_0061_,2.38µm
_0083_,2.38µm
_0139_,2.375µm
_0136_,2.325µm
_0184_,2.3µm
net186,2.3µm
_0012_,2.28µm
_0028_,2.28µm
_0030_,2.28µm
_0062_,2.28µm
_0172_,2.18µm
net227,2.18µm
_0004_,2.16µm
_0017_,2.16µm
_0025_,2.16µm
_0053_,2.16µm
_0165_,2.16µm
_0342_,2.16µm
net170,2.16µm
net193,2.16µm
net205,2.16µm
net209,2.16µm
_0125_,2.08µm
_0022_,2.04µm
_0247_,2.04µm
_0260_,2.04µm
_0278_,2.04µm
_0149_,2.025µm
_0135_,1.865µm
_0173_,1.84µm
_0372_,1.84µm
net157,1.84µm
net163,1.84µm
net203,1.84µm
_0042_,1.82µm
_0043_,1.82µm
_0049_,1.82µm
_0058_,1.82µm
_0065_,1.82µm
_0074_,1.82µm
_0107_,1.82µm
_0154_,1.82µm
_0188_,1.82µm
_0056_,1.7µm
_0076_,1.7µm
_0162_,1.7µm
_0177_,1.7µm
_0233_,1.7µm
_0327_,1.7µm
net188,1.7µm
net192,1.7µm
net195,1.67µm
_0122_,1.575µm
_0124_,1.575µm
_0008_,1.38µm
_0343_,1.38µm
net187,1.38µm
net194,1.38µm
net217,1.38µm
_0006_,1.36µm
_0032_,1.36µm
_0037_,1.36µm
_0039_,1.36µm
_0066_,1.36µm
_0068_,1.36µm
_0077_,1.36µm
_0078_,1.36µm
_0088_,1.36µm
_0094_,1.36µm
_0095_,1.36µm
_0098_,1.36µm
_0151_,1.36µm
_0321_,0.92µm
net189,0.92µm
net191,0.92µm
net199,0.92µm
net226,0.92µm
net236,0.92µm
_0205_,0.46µm
net181,0.46µm
net212,0.46µm
